Latitude,Longitude,Segment
-111.11921198941,31.828076605,0
-111.11921198941,31.828116605,0
-111.11921198941,31.828156605,0
-111.11917198941,31.828076605,0
-111.11917198941,31.828116605,0
-111.11917198941,31.828156605,0
-111.11913198941001,31.828076605,0
-111.11913198941001,31.828116605,0
-111.11913198941001,31.828156605,0
-111.11920780351001,31.82806710882,0
-111.11920780351001,31.828107108820003,0
-111.11920780351001,31.82814710882,0
-111.11916780351001,31.82806710882,0
-111.11916780351001,31.828107108820003,0
-111.11916780351001,31.82814710882,0
-111.11912780351001,31.82806710882,0
-111.11912780351001,31.828107108820003,0
-111.11912780351001,31.82814710882,0
-111.11920193979,31.828054950530007,0
-111.11920193979,31.82809495053001,0
-111.11920193979,31.828134950530007,0
-111.11916193979,31.828054950530007,0
-111.11916193979,31.82809495053001,0
-111.11916193979,31.828134950530007,0
-111.11912193979,31.828054950530007,0
-111.11912193979,31.82809495053001,0
-111.11912193979,31.828134950530007,0
-111.11919857571,31.82804692959999,0
-111.11919857571,31.82808692959999,0
-111.11919857571,31.82812692959999,0
-111.11915857571,31.82804692959999,0
-111.11915857571,31.82808692959999,0
-111.11915857571,31.82812692959999,0
-111.11911857571,31.82804692959999,0
-111.11911857571,31.82808692959999,0
-111.11911857571,31.82812692959999,0
-111.11919483555,31.82803841929,0
-111.11919483555,31.82807841929,0
-111.11919483555,31.82811841929,0
-111.11915483555,31.82803841929,0
-111.11915483555,31.82807841929,0
-111.11915483555,31.82811841929,0
-111.11911483555001,31.82803841929,0
-111.11911483555001,31.82807841929,0
-111.11911483555001,31.82811841929,0
-111.11918920617,31.828026037000008,0
-111.11918920617,31.82806603700001,0
-111.11918920617,31.82810603700001,0
-111.11914920617001,31.828026037000008,0
-111.11914920617001,31.82806603700001,0
-111.11914920617001,31.82810603700001,0
-111.11910920617001,31.828026037000008,0
-111.11910920617001,31.82806603700001,0
-111.11910920617001,31.82810603700001,0
-111.11918489716,31.828016116149996,0
-111.11918489716,31.828056116149998,0
-111.11918489716,31.828096116149997,0
-111.11914489716,31.828016116149996,0
-111.11914489716,31.828056116149998,0
-111.11914489716,31.828096116149997,0
-111.11910489716,31.828016116149996,0
-111.11910489716,31.828056116149998,0
-111.11910489716,31.828096116149997,0
-111.11918055065,31.82800564492,0
-111.11918055065,31.828045644920003,0
-111.11918055065,31.82808564492,0
-111.11914055065,31.82800564492,0
-111.11914055065,31.828045644920003,0
-111.11914055065,31.82808564492,0
-111.11910055065,31.82800564492,0
-111.11910055065,31.828045644920003,0
-111.11910055065,31.82808564492,0
-111.11917421394,31.827990759939993,0
-111.11917421394,31.828030759939995,0
-111.11917421394,31.828070759939994,0
-111.11913421394,31.827990759939993,0
-111.11913421394,31.828030759939995,0
-111.11913421394,31.828070759939994,0
-111.11909421394,31.827990759939993,0
-111.11909421394,31.828030759939995,0
-111.11909421394,31.828070759939994,0
-111.11916933159,31.82797872506,0
-111.11916933159,31.82801872506,0
-111.11916933159,31.82805872506,0
-111.11912933159,31.82797872506,0
-111.11912933159,31.82801872506,0
-111.11912933159,31.82805872506,0
-111.11908933159,31.82797872506,0
-111.11908933159,31.82801872506,0
-111.11908933159,31.82805872506,0
-111.11916598383,31.827970036820002,0
-111.11916598383,31.828010036820004,0
-111.11916598383,31.828050036820002,0
-111.11912598383,31.827970036820002,0
-111.11912598383,31.828010036820004,0
-111.11912598383,31.828050036820002,0
-111.11908598383,31.827970036820002,0
-111.11908598383,31.828010036820004,0
-111.11908598383,31.828050036820002,0
-111.11916026397,31.827957121849998,0
-111.11916026397,31.82799712185,0
-111.11916026397,31.82803712185,0
-111.11912026397,31.827957121849998,0
-111.11912026397,31.82799712185,0
-111.11912026397,31.82803712185,0
-111.11908026397,31.827957121849998,0
-111.11908026397,31.82799712185,0
-111.11908026397,31.82803712185,0
-111.11915698805001,31.82794867758,0
-111.11915698805001,31.827988677580002,0
-111.11915698805001,31.82802867758,0
-111.11911698805001,31.82794867758,0
-111.11911698805001,31.827988677580002,0
-111.11911698805001,31.82802867758,0
-111.11907698805001,31.82794867758,0
-111.11907698805001,31.827988677580002,0
-111.11907698805001,31.82802867758,0
-111.11915182882001,31.827935675929997,0
-111.11915182882001,31.82797567593,0
-111.11915182882001,31.828015675929997,0
-111.11911182882001,31.827935675929997,0
-111.11911182882001,31.82797567593,0
-111.11911182882001,31.828015675929997,0
-111.11907182882001,31.827935675929997,0
-111.11907182882001,31.82797567593,0
-111.11907182882001,31.828015675929997,0
-111.11914628877,31.827922735029997,0
-111.11914628877,31.82796273503,0
-111.11914628877,31.828002735029997,0
-111.11910628877,31.827922735029997,0
-111.11910628877,31.82796273503,0
-111.11910628877,31.828002735029997,0
-111.11906628877,31.827922735029997,0
-111.11906628877,31.82796273503,0
-111.11906628877,31.828002735029997,0
-111.11914298256,31.827914128229995,0
-111.11914298256,31.827954128229997,0
-111.11914298256,31.827994128229996,0
-111.11910298256001,31.827914128229995,0
-111.11910298256001,31.827954128229997,0
-111.11910298256001,31.827994128229996,0
-111.11906298256001,31.827914128229995,0
-111.11906298256001,31.827954128229997,0
-111.11906298256001,31.827994128229996,0
-111.11913779359,31.827900900920003,0
-111.11913779359,31.827940900920005,0
-111.11913779359,31.827980900920004,0
-111.11909779359,31.827900900920003,0
-111.11909779359,31.827940900920005,0
-111.11909779359,31.827980900920004,0
-111.11905779359,31.827900900920003,0
-111.11905779359,31.827940900920005,0
-111.11905779359,31.827980900920004,0
-111.11913432925,31.827892257050006,0
-111.11913432925,31.82793225705001,0
-111.11913432925,31.827972257050007,0
-111.11909432925,31.827892257050006,0
-111.11909432925,31.82793225705001,0
-111.11909432925,31.827972257050007,0
-111.11905432925,31.827892257050006,0
-111.11905432925,31.82793225705001,0
-111.11905432925,31.827972257050007,0
-111.11912902618,31.827878785509995,0
-111.11912902618,31.827918785509997,0
-111.11912902618,31.827958785509995,0
-111.11908902618,31.827878785509995,0
-111.11908902618,31.827918785509997,0
-111.11908902618,31.827958785509995,0
-111.11904902618001,31.827878785509995,0
-111.11904902618001,31.827918785509997,0
-111.11904902618001,31.827958785509995,0
-111.11912525823,31.82786982407,0
-111.11912525823,31.82790982407,0
-111.11912525823,31.82794982407,0
-111.11908525823,31.82786982407,0
-111.11908525823,31.82790982407,0
-111.11908525823,31.82794982407,0
-111.11904525823,31.82786982407,0
-111.11904525823,31.82790982407,0
-111.11904525823,31.82794982407,0
-111.11912004161,31.82785612760999,0
-111.11912004161,31.827896127609993,0
-111.11912004161,31.82793612760999,0
-111.11908004161,31.82785612760999,0
-111.11908004161,31.827896127609993,0
-111.11908004161,31.82793612760999,0
-111.11904004161,31.82785612760999,0
-111.11904004161,31.827896127609993,0
-111.11904004161,31.82793612760999,0
-111.1191150483,31.827842261180002,0
-111.1191150483,31.827882261180005,0
-111.1191150483,31.827922261180003,0
-111.1190750483,31.827842261180002,0
-111.1190750483,31.827882261180005,0
-111.1190750483,31.827922261180003,0
-111.1190350483,31.827842261180002,0
-111.1190350483,31.827882261180005,0
-111.1190350483,31.827922261180003,0
-111.11911119041,31.82783270393,0
-111.11911119041,31.82787270393,0
-111.11911119041,31.82791270393,0
-111.11907119041,31.82783270393,0
-111.11907119041,31.82787270393,0
-111.11907119041,31.82791270393,0
-111.11903119041,31.82783270393,0
-111.11903119041,31.82787270393,0
-111.11903119041,31.82791270393,0
-111.11910566266,31.8278183381,0
-111.11910566266,31.8278583381,0
-111.11910566266,31.8278983381,0
-111.11906566266,31.8278183381,0
-111.11906566266,31.8278583381,0
-111.11906566266,31.8278983381,0
-111.11902566266001,31.8278183381,0
-111.11902566266001,31.8278583381,0
-111.11902566266001,31.8278983381,0
-111.11910219779,31.827808530790005,0
-111.11910219779,31.827848530790007,0
-111.11910219779,31.827888530790005,0
-111.11906219779,31.827808530790005,0
-111.11906219779,31.827848530790007,0
-111.11906219779,31.827888530790005,0
-111.11902219779,31.827808530790005,0
-111.11902219779,31.827848530790007,0
-111.11902219779,31.827888530790005,0
-111.119096834,31.827793525649998,0
-111.119096834,31.82783352565,0
-111.119096834,31.82787352565,0
-111.119056834,31.827793525649998,0
-111.119056834,31.82783352565,0
-111.119056834,31.82787352565,0
-111.119016834,31.827793525649998,0
-111.119016834,31.82783352565,0
-111.119016834,31.82787352565,0
-111.11909317053001,31.827783473569998,0
-111.11909317053001,31.82782347357,0
-111.11909317053001,31.827863473569998,0
-111.11905317053001,31.827783473569998,0
-111.11905317053001,31.82782347357,0
-111.11905317053001,31.827863473569998,0
-111.11901317053001,31.827783473569998,0
-111.11901317053001,31.82782347357,0
-111.11901317053001,31.827863473569998,0
-111.11908775952,31.82776781877,0
-111.11908775952,31.82780781877,0
-111.11908775952,31.82784781877,0
-111.11904775952,31.82776781877,0
-111.11904775952,31.82780781877,0
-111.11904775952,31.82784781877,0
-111.11900775952,31.82776781877,0
-111.11900775952,31.82780781877,0
-111.11900775952,31.82784781877,0
-111.11908472992,31.827757761659996,0
-111.11908472992,31.827797761659998,0
-111.11908472992,31.827837761659996,0
-111.11904472992,31.827757761659996,0
-111.11904472992,31.827797761659998,0
-111.11904472992,31.827837761659996,0
-111.11900472992001,31.827757761659996,0
-111.11900472992001,31.827797761659998,0
-111.11900472992001,31.827837761659996,0
-111.11908025095,31.82774305067999,0
-111.11908025095,31.827783050679994,0
-111.11908025095,31.827823050679992,0
-111.11904025095001,31.82774305067999,0
-111.11904025095001,31.827783050679994,0
-111.11904025095001,31.827823050679992,0
-111.11900025095001,31.82774305067999,0
-111.11900025095001,31.827783050679994,0
-111.11900025095001,31.827823050679992,0
-111.11907540429,31.827728102909997,0
-111.11907540429,31.82776810291,0
-111.11907540429,31.827808102909998,0
-111.11903540429,31.827728102909997,0
-111.11903540429,31.82776810291,0
-111.11903540429,31.827808102909998,0
-111.11899540429,31.827728102909997,0
-111.11899540429,31.82776810291,0
-111.11899540429,31.827808102909998,0
-111.11907258518,31.827718137299996,0
-111.11907258518,31.8277581373,0
-111.11907258518,31.827798137299997,0
-111.11903258518001,31.827718137299996,0
-111.11903258518001,31.8277581373,0
-111.11903258518001,31.827798137299997,0
-111.11899258518001,31.827718137299996,0
-111.11899258518001,31.8277581373,0
-111.11899258518001,31.827798137299997,0
-111.11906841083,31.82770362666,0
-111.11906841083,31.827743626660002,0
-111.11906841083,31.82778362666,0
-111.11902841083,31.82770362666,0
-111.11902841083,31.827743626660002,0
-111.11902841083,31.82778362666,0
-111.11898841083,31.82770362666,0
-111.11898841083,31.827743626660002,0
-111.11898841083,31.82778362666,0
-111.11906531288,31.827694146330007,1
-111.11906531288,31.82773414633001,1
-111.11906531288,31.827774146330007,1
-111.11902531288,31.827694146330007,1
-111.11902531288,31.82773414633001,1
-111.11902531288,31.827774146330007,1
-111.11898531288,31.827694146330007,1
-111.11898531288,31.82773414633001,1
-111.11898531288,31.827774146330007,1
-111.11906127282,31.82767998825999,1
-111.11906127282,31.827719988259993,1
-111.11906127282,31.82775998825999,1
-111.11902127282,31.82767998825999,1
-111.11902127282,31.827719988259993,1
-111.11902127282,31.82775998825999,1
-111.11898127282001,31.82767998825999,1
-111.11898127282001,31.827719988259993,1
-111.11898127282001,31.82775998825999,1
-111.11905907195,31.82767060376,1
-111.11905907195,31.827710603760003,1
-111.11905907195,31.827750603760002,1
-111.11901907195,31.82767060376,1
-111.11901907195,31.827710603760003,1
-111.11901907195,31.827750603760002,1
-111.11897907195001,31.82767060376,1
-111.11897907195001,31.827710603760003,1
-111.11897907195001,31.827750603760002,1
-111.11905561108,31.82765665676999,1
-111.11905561108,31.82769665676999,1
-111.11905561108,31.82773665676999,1
-111.11901561108,31.82765665676999,1
-111.11901561108,31.82769665676999,1
-111.11901561108,31.82773665676999,1
-111.11897561108,31.82765665676999,1
-111.11897561108,31.82769665676999,1
-111.11897561108,31.82773665676999,1
-111.11905311149,31.827647613099998,1
-111.11905311149,31.8276876131,1
-111.11905311149,31.8277276131,1
-111.11901311149,31.827647613099998,1
-111.11901311149,31.8276876131,1
-111.11901311149,31.8277276131,1
-111.11897311149,31.827647613099998,1
-111.11897311149,31.8276876131,1
-111.11897311149,31.8277276131,1
-111.11904976511,31.827633865249997,1
-111.11904976511,31.82767386525,1
-111.11904976511,31.827713865249997,1
-111.11900976511001,31.827633865249997,1
-111.11900976511001,31.82767386525,1
-111.11900976511001,31.827713865249997,1
-111.11896976511001,31.827633865249997,1
-111.11896976511001,31.82767386525,1
-111.11896976511001,31.827713865249997,1
-111.11904811934001,31.827625034389996,1
-111.11904811934001,31.827665034389998,1
-111.11904811934001,31.827705034389997,1
-111.11900811934001,31.827625034389996,1
-111.11900811934001,31.827665034389998,1
-111.11900811934001,31.827705034389997,1
-111.11896811934001,31.827625034389996,1
-111.11896811934001,31.827665034389998,1
-111.11896811934001,31.827705034389997,1
-111.11904481296,31.827611548330005,1
-111.11904481296,31.827651548330007,1
-111.11904481296,31.827691548330005,1
-111.11900481296,31.827611548330005,1
-111.11900481296,31.827651548330007,1
-111.11900481296,31.827691548330005,1
-111.11896481296,31.827611548330005,1
-111.11896481296,31.827651548330007,1
-111.11896481296,31.827691548330005,1
-111.11904194538,31.82760230394,1
-111.11904194538,31.827642303940003,1
-111.11904194538,31.82768230394,1
-111.11900194538,31.82760230394,1
-111.11900194538,31.827642303940003,1
-111.11900194538,31.82768230394,1
-111.11896194538001,31.82760230394,1
-111.11896194538001,31.827642303940003,1
-111.11896194538001,31.82768230394,1
-111.11903884776,31.827589107810002,1
-111.11903884776,31.827629107810004,1
-111.11903884776,31.827669107810003,1
-111.11899884776,31.827589107810002,1
-111.11899884776,31.827629107810004,1
-111.11899884776,31.827669107810003,1
-111.11895884776,31.827589107810002,1
-111.11895884776,31.827629107810004,1
-111.11895884776,31.827669107810003,1
-111.11903538076,31.827575873270003,1
-111.11903538076,31.827615873270005,1
-111.11903538076,31.827655873270004,1
-111.11899538076,31.827575873270003,1
-111.11899538076,31.827615873270005,1
-111.11899538076,31.827655873270004,1
-111.11895538076,31.827575873270003,1
-111.11895538076,31.827615873270005,1
-111.11895538076,31.827655873270004,1
-111.11903282914,31.82756673909,1
-111.11903282914,31.82760673909,1
-111.11903282914,31.82764673909,1
-111.11899282914,31.82756673909,1
-111.11899282914,31.82760673909,1
-111.11899282914,31.82764673909,1
-111.11895282914,31.82756673909,1
-111.11895282914,31.82760673909,1
-111.11895282914,31.82764673909,1
-111.11903002628,31.827553662060005,1
-111.11903002628,31.827593662060007,1
-111.11903002628,31.827633662060006,1
-111.11899002628,31.827553662060005,1
-111.11899002628,31.827593662060007,1
-111.11899002628,31.827633662060006,1
-111.11895002628,31.827553662060005,1
-111.11895002628,31.827593662060007,1
-111.11895002628,31.827633662060006,1
-111.11902814759,31.82754489285999,1
-111.11902814759,31.827584892859992,1
-111.11902814759,31.82762489285999,1
-111.11898814759,31.82754489285999,1
-111.11898814759,31.827584892859992,1
-111.11898814759,31.82762489285999,1
-111.11894814759,31.82754489285999,1
-111.11894814759,31.827584892859992,1
-111.11894814759,31.82762489285999,1
-111.11902481371,31.82753214619,1
-111.11902481371,31.82757214619,1
-111.11902481371,31.82761214619,1
-111.11898481371,31.82753214619,1
-111.11898481371,31.82757214619,1
-111.11898481371,31.82761214619,1
-111.11894481371,31.82753214619,1
-111.11894481371,31.82757214619,1
-111.11894481371,31.82761214619,1
-111.11902213642,31.827524111530007,1
-111.11902213642,31.82756411153001,1
-111.11902213642,31.827604111530007,1
-111.11898213642,31.827524111530007,1
-111.11898213642,31.82756411153001,1
-111.11898213642,31.827604111530007,1
-111.11894213642,31.827524111530007,1
-111.11894213642,31.82756411153001,1
-111.11894213642,31.827604111530007,1
-111.11901814738,31.827512614370008,1
-111.11901814738,31.82755261437001,1
-111.11901814738,31.82759261437001,1
-111.11897814738,31.827512614370008,1
-111.11897814738,31.82755261437001,1
-111.11897814738,31.82759261437001,1
-111.11893814738,31.827512614370008,1
-111.11893814738,31.82755261437001,1
-111.11893814738,31.82759261437001,1
-111.11901311719001,31.827501805129994,1
-111.11901311719001,31.827541805129997,1
-111.11901311719001,31.827581805129995,1
-111.11897311719001,31.827501805129994,1
-111.11897311719001,31.827541805129997,1
-111.11897311719001,31.827581805129995,1
-111.11893311719001,31.827501805129994,1
-111.11893311719001,31.827541805129997,1
-111.11893311719001,31.827581805129995,1
-111.11900746843,31.82749167745,1
-111.11900746843,31.82753167745,1
-111.11900746843,31.82757167745,1
-111.11896746843,31.82749167745,1
-111.11896746843,31.82753167745,1
-111.11896746843,31.82757167745,1
-111.11892746843,31.82749167745,1
-111.11892746843,31.82753167745,1
-111.11892746843,31.82757167745,1
-111.11899843959,31.827479066350005,1
-111.11899843959,31.827519066350007,1
-111.11899843959,31.827559066350005,1
-111.11895843959,31.827479066350005,1
-111.11895843959,31.827519066350007,1
-111.11895843959,31.827559066350005,1
-111.11891843959,31.827479066350005,1
-111.11891843959,31.827519066350007,1
-111.11891843959,31.827559066350005,1
-111.11899072939,31.827470341690002,1
-111.11899072939,31.827510341690004,1
-111.11899072939,31.827550341690003,1
-111.11895072939001,31.827470341690002,1
-111.11895072939001,31.827510341690004,1
-111.11895072939001,31.827550341690003,1
-111.11891072939001,31.827470341690002,1
-111.11891072939001,31.827510341690004,1
-111.11891072939001,31.827550341690003,1
-111.11898242013,31.827462488100007,1
-111.11898242013,31.82750248810001,1
-111.11898242013,31.827542488100008,1
-111.11894242013,31.827462488100007,1
-111.11894242013,31.82750248810001,1
-111.11894242013,31.827542488100008,1
-111.11890242013,31.827462488100007,1
-111.11890242013,31.82750248810001,1
-111.11890242013,31.827542488100008,1
-111.11897095004001,31.827453676679994,1
-111.11897095004001,31.827493676679996,1
-111.11897095004001,31.827533676679995,1
-111.11893095004001,31.827453676679994,1
-111.11893095004001,31.827493676679996,1
-111.11893095004001,31.827533676679995,1
-111.11889095004001,31.827453676679994,1
-111.11889095004001,31.827493676679996,1
-111.11889095004001,31.827533676679995,1
-111.11896137234,31.827448367469998,1
-111.11896137234,31.82748836747,1
-111.11896137234,31.82752836747,1
-111.11892137234,31.827448367469998,1
-111.11892137234,31.82748836747,1
-111.11892137234,31.82752836747,1
-111.11888137234,31.827448367469998,1
-111.11888137234,31.82748836747,1
-111.11888137234,31.82752836747,1
-111.11895188302,31.827443834460002,1
-111.11895188302,31.827483834460004,1
-111.11895188302,31.827523834460003,1
-111.11891188302,31.827443834460002,1
-111.11891188302,31.827483834460004,1
-111.11891188302,31.827523834460003,1
-111.11887188302,31.827443834460002,1
-111.11887188302,31.827483834460004,1
-111.11887188302,31.827523834460003,1
-111.11893835054,31.82743898743,1
-111.11893835054,31.827478987430002,1
-111.11893835054,31.82751898743,1
-111.11889835054001,31.82743898743,1
-111.11889835054001,31.827478987430002,1
-111.11889835054001,31.82751898743,1
-111.11885835054001,31.82743898743,1
-111.11885835054001,31.827478987430002,1
-111.11885835054001,31.82751898743,1
-111.11892811403,31.827436578179995,1
-111.11892811403,31.827476578179997,1
-111.11892811403,31.827516578179996,1
-111.11888811403,31.827436578179995,1
-111.11888811403,31.827476578179997,1
-111.11888811403,31.827516578179996,1
-111.11884811403,31.827436578179995,1
-111.11884811403,31.827476578179997,1
-111.11884811403,31.827516578179996,1
-111.11891808178,31.827434981919996,1
-111.11891808178,31.82747498192,1
-111.11891808178,31.827514981919997,1
-111.11887808178,31.827434981919996,1
-111.11887808178,31.82747498192,1
-111.11887808178,31.827514981919997,1
-111.11883808178,31.827434981919996,1
-111.11883808178,31.82747498192,1
-111.11883808178,31.827514981919997,1
-111.11890425996,31.827434290800014,1
-111.11890425996,31.827474290800016,1
-111.11890425996,31.827514290800014,1
-111.11886425996,31.827434290800014,1
-111.11886425996,31.827474290800016,1
-111.11886425996,31.827514290800014,1
-111.11882425996001,31.827434290800014,1
-111.11882425996001,31.827474290800016,1
-111.11882425996001,31.827514290800014,1
-111.11889385177,31.827434640269992,1
-111.11889385177,31.827474640269994,1
-111.11889385177,31.827514640269992,1
-111.11885385177,31.827434640269992,1
-111.11885385177,31.827474640269994,1
-111.11885385177,31.827514640269992,1
-111.11881385177,31.827434640269992,1
-111.11881385177,31.827474640269994,1
-111.11881385177,31.827514640269992,1
-111.11888400498,31.827436039469987,1
-111.11888400498,31.82747603946999,1
-111.11888400498,31.827516039469987,1
-111.11884400498,31.827436039469987,1
-111.11884400498,31.82747603946999,1
-111.11884400498,31.827516039469987,1
-111.11880400498,31.827436039469987,1
-111.11880400498,31.82747603946999,1
-111.11880400498,31.827516039469987,1
-111.11887455289,31.82743821676999,1
-111.11887455289,31.827478216769993,1
-111.11887455289,31.82751821676999,1
-111.11883455289001,31.82743821676999,1
-111.11883455289001,31.827478216769993,1
-111.11883455289001,31.82751821676999,1
-111.11879455289001,31.82743821676999,1
-111.11879455289001,31.827478216769993,1
-111.11879455289001,31.82751821676999,1
-111.11886254997,31.827442199869996,1
-111.11886254997,31.827482199869998,1
-111.11886254997,31.827522199869996,1
-111.11882254997,31.827442199869996,1
-111.11882254997,31.827482199869998,1
-111.11882254997,31.827522199869996,1
-111.11878254997,31.827442199869996,1
-111.11878254997,31.827482199869998,1
-111.11878254997,31.827522199869996,1
-111.11884805577,31.82744843107,1
-111.11884805577,31.82748843107,1
-111.11884805577,31.82752843107,1
-111.11880805577,31.82744843107,1
-111.11880805577,31.82748843107,1
-111.11880805577,31.82752843107,1
-111.11876805577,31.82744843107,1
-111.11876805577,31.82748843107,1
-111.11876805577,31.82752843107,1
-111.11883511953,31.82745652094,1
-111.11883511953,31.827496520940002,1
-111.11883511953,31.82753652094,1
-111.11879511953,31.82745652094,1
-111.11879511953,31.827496520940002,1
-111.11879511953,31.82753652094,1
-111.11875511953001,31.82745652094,1
-111.11875511953001,31.827496520940002,1
-111.11875511953001,31.82753652094,1
-111.11882789684,31.82746231982,1
-111.11882789684,31.827502319820002,1
-111.11882789684,31.82754231982,1
-111.11878789684,31.82746231982,1
-111.11878789684,31.827502319820002,1
-111.11878789684,31.82754231982,1
-111.11874789684,31.82746231982,1
-111.11874789684,31.827502319820002,1
-111.11874789684,31.82754231982,1
-111.11881812561,31.82747210709999,1
-111.11881812561,31.82751210709999,1
-111.11881812561,31.82755210709999,1
-111.11877812561,31.82747210709999,1
-111.11877812561,31.82751210709999,1
-111.11877812561,31.82755210709999,1
-111.11873812561001,31.82747210709999,1
-111.11873812561001,31.82751210709999,1
-111.11873812561001,31.82755210709999,1
-111.1188098252,31.827482832579996,1
-111.1188098252,31.827522832579998,1
-111.1188098252,31.827562832579996,1
-111.1187698252,31.827482832579996,1
-111.1187698252,31.827522832579998,1
-111.1187698252,31.827562832579996,1
-111.1187298252,31.827482832579996,1
-111.1187298252,31.827522832579998,1
-111.1187298252,31.827562832579996,1
-111.11880308588,31.82749260283,1
-111.11880308588,31.82753260283,1
-111.11880308588,31.82757260283,1
-111.11876308588,31.82749260283,1
-111.11876308588,31.82753260283,1
-111.11876308588,31.82757260283,1
-111.11872308588,31.82749260283,1
-111.11872308588,31.82753260283,1
-111.11872308588,31.82757260283,1
-111.11879740394001,31.827503480039994,1
-111.11879740394001,31.827543480039996,1
-111.11879740394001,31.827583480039994,1
-111.11875740394001,31.827503480039994,1
-111.11875740394001,31.827543480039996,1
-111.11875740394001,31.827583480039994,1
-111.11871740394001,31.827503480039994,1
-111.11871740394001,31.827543480039996,1
-111.11871740394001,31.827583480039994,1
-111.11879398212,31.827513189979992,1
-111.11879398212,31.827553189979994,1
-111.11879398212,31.827593189979993,1
-111.11875398212,31.827513189979992,1
-111.11875398212,31.827553189979994,1
-111.11875398212,31.827593189979993,1
-111.11871398212,31.827513189979992,1
-111.11871398212,31.827553189979994,1
-111.11871398212,31.827593189979993,1
-111.11879195557,31.827521573880002,1
-111.11879195557,31.827561573880004,1
-111.11879195557,31.827601573880003,1
-111.11875195557,31.827521573880002,1
-111.11875195557,31.827561573880004,1
-111.11875195557,31.827601573880003,1
-111.11871195557,31.827521573880002,1
-111.11871195557,31.827561573880004,1
-111.11871195557,31.827601573880003,1
-111.11878990935,31.827531012869997,1
-111.11878990935,31.82757101287,1
-111.11878990935,31.827611012869998,1
-111.11874990935,31.827531012869997,1
-111.11874990935,31.82757101287,1
-111.11874990935,31.827611012869998,1
-111.11870990935,31.827531012869997,1
-111.11870990935,31.82757101287,1
-111.11870990935,31.827611012869998,1
-111.11878882338,31.82753934857,1
-111.11878882338,31.82757934857,1
-111.11878882338,31.82761934857,1
-111.11874882338,31.82753934857,1
-111.11874882338,31.82757934857,1
-111.11874882338,31.82761934857,1
-111.11870882338,31.82753934857,1
-111.11870882338,31.82757934857,1
-111.11870882338,31.82761934857,1
-111.11878813909,31.82755010385999,1
-111.11878813909,31.827590103859993,1
-111.11878813909,31.827630103859992,1
-111.11874813909,31.82755010385999,1
-111.11874813909,31.827590103859993,1
-111.11874813909,31.827630103859992,1
-111.11870813909,31.82755010385999,1
-111.11870813909,31.827590103859993,1
-111.11870813909,31.827630103859992,1
-111.11878847195,31.827561731369997,1
-111.11878847195,31.82760173137,1
-111.11878847195,31.827641731369997,1
-111.11874847195,31.827561731369997,1
-111.11874847195,31.82760173137,1
-111.11874847195,31.827641731369997,1
-111.11870847195,31.827561731369997,1
-111.11870847195,31.82760173137,1
-111.11870847195,31.827641731369997,1
-111.11878999232,31.827571625690005,1
-111.11878999232,31.827611625690007,1
-111.11878999232,31.827651625690006,1
-111.11874999232,31.827571625690005,1
-111.11874999232,31.827611625690007,1
-111.11874999232,31.827651625690006,1
-111.11870999232,31.827571625690005,1
-111.11870999232,31.827611625690007,1
-111.11870999232,31.827651625690006,1
-111.11879208177,31.827581676899996,1
-111.11879208177,31.827621676899998,1
-111.11879208177,31.827661676899996,1
-111.11875208177,31.827581676899996,1
-111.11875208177,31.827621676899998,1
-111.11875208177,31.827661676899996,1
-111.11871208177,31.827581676899996,1
-111.11871208177,31.827621676899998,1
-111.11871208177,31.827661676899996,1
-111.11879389147,31.827589868449998,1
-111.11879389147,31.82762986845,1
-111.11879389147,31.82766986845,1
-111.11875389147,31.827589868449998,1
-111.11875389147,31.82762986845,1
-111.11875389147,31.82766986845,1
-111.11871389147001,31.827589868449998,1
-111.11871389147001,31.82762986845,1
-111.11871389147001,31.82766986845,1
-111.11879648446,31.82760032868,1
-111.11879648446,31.82764032868,1
-111.11879648446,31.82768032868,1
-111.11875648446001,31.82760032868,1
-111.11875648446001,31.82764032868,1
-111.11875648446001,31.82768032868,1
-111.11871648446001,31.82760032868,1
-111.11871648446001,31.82764032868,1
-111.11871648446001,31.82768032868,1
-111.11879903823001,31.827609210349994,1
-111.11879903823001,31.827649210349996,1
-111.11879903823001,31.827689210349995,1
-111.11875903823001,31.827609210349994,1
-111.11875903823001,31.827649210349996,1
-111.11875903823001,31.827689210349995,1
-111.11871903823001,31.827609210349994,1
-111.11871903823001,31.827649210349996,1
-111.11871903823001,31.827689210349995,1
-111.11880244307,31.827622300199994,1
-111.11880244307,31.827662300199997,1
-111.11880244307,31.827702300199995,1
-111.11876244307,31.827622300199994,1
-111.11876244307,31.827662300199997,1
-111.11876244307,31.827702300199995,1
-111.11872244307,31.827622300199994,1
-111.11872244307,31.827662300199997,1
-111.11872244307,31.827702300199995,1
-111.1188051198,31.827630397989992,1
-111.1188051198,31.827670397989994,1
-111.1188051198,31.827710397989993,1
-111.1187651198,31.827630397989992,1
-111.1187651198,31.827670397989994,1
-111.1187651198,31.827710397989993,1
-111.1187251198,31.827630397989992,1
-111.1187251198,31.827670397989994,1
-111.1187251198,31.827710397989993,1
-111.1188071097,31.827638518529998,1
-111.1188071097,31.82767851853,1
-111.1188071097,31.82771851853,1
-111.1187671097,31.827638518529998,1
-111.1187671097,31.82767851853,1
-111.1187671097,31.82771851853,1
-111.1187271097,31.827638518529998,1
-111.1187271097,31.82767851853,1
-111.1187271097,31.82771851853,1
-111.11881016296,31.827649504750003,1
-111.11881016296,31.827689504750005,1
-111.11881016296,31.827729504750003,1
-111.11877016296,31.827649504750003,1
-111.11877016296,31.827689504750005,1
-111.11877016296,31.827729504750003,1
-111.11873016296,31.827649504750003,1
-111.11873016296,31.827689504750005,1
-111.11873016296,31.827729504750003,1
-111.11881325895,31.827657983969996,1
-111.11881325895,31.827697983969998,1
-111.11881325895,31.827737983969996,1
-111.11877325895,31.827657983969996,1
-111.11877325895,31.827697983969998,1
-111.11877325895,31.827737983969996,1
-111.11873325895,31.827657983969996,1
-111.11873325895,31.827697983969998,1
-111.11873325895,31.827737983969996,1
-111.11881608931,31.827666641900002,1
-111.11881608931,31.827706641900004,1
-111.11881608931,31.827746641900003,1
-111.11877608931,31.827666641900002,1
-111.11877608931,31.827706641900004,1
-111.11877608931,31.827746641900003,1
-111.11873608931,31.827666641900002,1
-111.11873608931,31.827706641900004,1
-111.11873608931,31.827746641900003,1
-111.11881812938,31.827675069399998,1
-111.11881812938,31.8277150694,1
-111.11881812938,31.8277550694,1
-111.11877812938,31.827675069399998,1
-111.11877812938,31.8277150694,1
-111.11877812938,31.8277550694,1
-111.11873812938,31.827675069399998,1
-111.11873812938,31.8277150694,1
-111.11873812938,31.8277550694,1
-111.11882133619,31.827686624780007,1
-111.11882133619,31.82772662478001,1
-111.11882133619,31.827766624780008,1
-111.11878133619,31.827686624780007,1
-111.11878133619,31.82772662478001,1
-111.11878133619,31.827766624780008,1
-111.11874133619,31.827686624780007,1
-111.11874133619,31.82772662478001,1
-111.11874133619,31.827766624780008,1
-111.11882463055001,31.827695375809995,1
-111.11882463055001,31.827735375809997,1
-111.11882463055001,31.827775375809995,1
-111.11878463055001,31.827695375809995,1
-111.11878463055001,31.827735375809997,1
-111.11878463055001,31.827775375809995,1
-111.11874463055001,31.827695375809995,1
-111.11874463055001,31.827735375809997,1
-111.11874463055001,31.827775375809995,1
-111.1188281872,31.82770433593999,1
-111.1188281872,31.827744335939993,1
-111.1188281872,31.82778433593999,1
-111.1187881872,31.82770433593999,1
-111.1187881872,31.827744335939993,1
-111.1187881872,31.82778433593999,1
-111.1187481872,31.82770433593999,1
-111.1187481872,31.827744335939993,1
-111.1187481872,31.82778433593999,1
-111.11883103221,31.827716195679994,1
-111.11883103221,31.827756195679996,1
-111.11883103221,31.827796195679994,1
-111.11879103221,31.827716195679994,1
-111.11879103221,31.827756195679996,1
-111.11879103221,31.827796195679994,1
-111.11875103221,31.827716195679994,1
-111.11875103221,31.827756195679996,1
-111.11875103221,31.827796195679994,1
-111.11883426793,31.82772562277,1
-111.11883426793,31.827765622770002,1
-111.11883426793,31.82780562277,1
-111.11879426793,31.82772562277,1
-111.11879426793,31.827765622770002,1
-111.11879426793,31.82780562277,1
-111.11875426793,31.82772562277,1
-111.11875426793,31.827765622770002,1
-111.11875426793,31.82780562277,1
-111.11883831545,31.827735235339993,1
-111.11883831545,31.827775235339995,1
-111.11883831545,31.827815235339994,1
-111.11879831545001,31.827735235339993,1
-111.11879831545001,31.827775235339995,1
-111.11879831545001,31.827815235339994,1
-111.11875831545001,31.827735235339993,1
-111.11875831545001,31.827775235339995,1
-111.11875831545001,31.827815235339994,1
-111.11884179937,31.827747730429998,1
-111.11884179937,31.82778773043,1
-111.11884179937,31.82782773043,1
-111.11880179937,31.827747730429998,1
-111.11880179937,31.82778773043,1
-111.11880179937,31.82782773043,1
-111.11876179937,31.827747730429998,1
-111.11876179937,31.82778773043,1
-111.11876179937,31.82782773043,1
-111.11884454888,31.827757190540005,1
-111.11884454888,31.827797190540007,1
-111.11884454888,31.827837190540006,1
-111.11880454888001,31.827757190540005,1
-111.11880454888001,31.827797190540007,1
-111.11880454888001,31.827837190540006,1
-111.11876454888001,31.827757190540005,1
-111.11876454888001,31.827797190540007,1
-111.11876454888001,31.827837190540006,1
-111.11884674087,31.827766376579994,1
-111.11884674087,31.827806376579996,1
-111.11884674087,31.827846376579995,1
-111.11880674087,31.827766376579994,1
-111.11880674087,31.827806376579996,1
-111.11880674087,31.827846376579995,1
-111.11876674087,31.827766376579994,1
-111.11876674087,31.827806376579996,1
-111.11876674087,31.827846376579995,1
-111.11884993263,31.827776001810005,1
-111.11884993263,31.827816001810007,1
-111.11884993263,31.827856001810005,1
-111.11880993263,31.827776001810005,1
-111.11880993263,31.827816001810007,1
-111.11880993263,31.827856001810005,1
-111.11876993263,31.827776001810005,1
-111.11876993263,31.827816001810007,1
-111.11876993263,31.827856001810005,1
-111.11885387418,31.827789329519995,2
-111.11885387418,31.827829329519997,2
-111.11885387418,31.827869329519995,2
-111.11881387418,31.827789329519995,2
-111.11881387418,31.827829329519997,2
-111.11881387418,31.827869329519995,2
-111.11877387418001,31.827789329519995,2
-111.11877387418001,31.827829329519997,2
-111.11877387418001,31.827869329519995,2
-111.11885701793,31.827799621849998,2
-111.11885701793,31.82783962185,2
-111.11885701793,31.82787962185,2
-111.11881701793,31.827799621849998,2
-111.11881701793,31.82783962185,2
-111.11881701793,31.82787962185,2
-111.11877701793,31.827799621849998,2
-111.11877701793,31.82783962185,2
-111.11877701793,31.82787962185,2
-111.11886000098,31.827810174719993,2
-111.11886000098,31.827850174719995,2
-111.11886000098,31.827890174719993,2
-111.11882000098001,31.827810174719993,2
-111.11882000098001,31.827850174719995,2
-111.11882000098001,31.827890174719993,2
-111.11878000098001,31.827810174719993,2
-111.11878000098001,31.827850174719995,2
-111.11878000098001,31.827890174719993,2
-111.11886440823,31.827824623699996,2
-111.11886440823,31.8278646237,2
-111.11886440823,31.827904623699997,2
-111.11882440823,31.827824623699996,2
-111.11882440823,31.8278646237,2
-111.11882440823,31.827904623699997,2
-111.11878440823,31.827824623699996,2
-111.11878440823,31.8278646237,2
-111.11878440823,31.827904623699997,2
-111.11886797777,31.827835766489994,2
-111.11886797777,31.827875766489996,2
-111.11886797777,31.827915766489994,2
-111.11882797777,31.827835766489994,2
-111.11882797777,31.827875766489996,2
-111.11882797777,31.827915766489994,2
-111.11878797777,31.827835766489994,2
-111.11878797777,31.827875766489996,2
-111.11878797777,31.827915766489994,2
-111.1188712628,31.827846826309997,2
-111.1188712628,31.82788682631,2
-111.1188712628,31.827926826309998,2
-111.1188312628,31.827846826309997,2
-111.1188312628,31.82788682631,2
-111.1188312628,31.827926826309998,2
-111.1187912628,31.827846826309997,2
-111.1187912628,31.82788682631,2
-111.1187912628,31.827926826309998,2
-111.11887544272,31.827860687639994,2
-111.11887544272,31.827900687639996,2
-111.11887544272,31.827940687639995,2
-111.11883544272,31.827860687639994,2
-111.11883544272,31.827900687639996,2
-111.11883544272,31.827940687639995,2
-111.11879544272,31.827860687639994,2
-111.11879544272,31.827900687639996,2
-111.11879544272,31.827940687639995,2
-111.11887883735,31.827871288190003,2
-111.11887883735,31.827911288190005,2
-111.11887883735,31.827951288190004,2
-111.11883883735,31.827871288190003,2
-111.11883883735,31.827911288190005,2
-111.11883883735,31.827951288190004,2
-111.11879883735,31.827871288190003,2
-111.11879883735,31.827911288190005,2
-111.11879883735,31.827951288190004,2
-111.11888253947001,31.827881755379995,2
-111.11888253947001,31.827921755379997,2
-111.11888253947001,31.827961755379995,2
-111.11884253947001,31.827881755379995,2
-111.11884253947001,31.827921755379997,2
-111.11884253947001,31.827961755379995,2
-111.11880253947001,31.827881755379995,2
-111.11880253947001,31.827921755379997,2
-111.11880253947001,31.827961755379995,2
-111.11888738169,31.827895990640002,2
-111.11888738169,31.827935990640004,2
-111.11888738169,31.827975990640002,2
-111.11884738169,31.827895990640002,2
-111.11884738169,31.827935990640004,2
-111.11884738169,31.827975990640002,2
-111.11880738169,31.827895990640002,2
-111.11880738169,31.827935990640004,2
-111.11880738169,31.827975990640002,2
-111.11889118968,31.827906431450003,2
-111.11889118968,31.827946431450005,2
-111.11889118968,31.827986431450004,2
-111.11885118968,31.827906431450003,2
-111.11885118968,31.827946431450005,2
-111.11885118968,31.827986431450004,2
-111.11881118968,31.827906431450003,2
-111.11881118968,31.827946431450005,2
-111.11881118968,31.827986431450004,2
-111.11889502804,31.827917025770002,2
-111.11889502804,31.827957025770004,2
-111.11889502804,31.827997025770003,2
-111.11885502804,31.827917025770002,2
-111.11885502804,31.827957025770004,2
-111.11885502804,31.827997025770003,2
-111.11881502804,31.827917025770002,2
-111.11881502804,31.827957025770004,2
-111.11881502804,31.827997025770003,2
-111.11889832908,31.827927454370002,2
-111.11889832908,31.827967454370004,2
-111.11889832908,31.828007454370002,2
-111.11885832908,31.827927454370002,2
-111.11885832908,31.827967454370004,2
-111.11885832908,31.828007454370002,2
-111.11881832908,31.827927454370002,2
-111.11881832908,31.827967454370004,2
-111.11881832908,31.828007454370002,2
-111.11890303701,31.82794133705,2
-111.11890303701,31.82798133705,2
-111.11890303701,31.82802133705,2
-111.11886303701,31.82794133705,2
-111.11886303701,31.82798133705,2
-111.11886303701,31.82802133705,2
-111.11882303701,31.82794133705,2
-111.11882303701,31.82798133705,2
-111.11882303701,31.82802133705,2
-111.11890638069,31.827951720819996,2
-111.11890638069,31.82799172082,2
-111.11890638069,31.828031720819997,2
-111.11886638069001,31.827951720819996,2
-111.11886638069001,31.82799172082,2
-111.11886638069001,31.828031720819997,2
-111.11882638069001,31.827951720819996,2
-111.11882638069001,31.82799172082,2
-111.11882638069001,31.828031720819997,2
-111.11890944298,31.827961660899994,2
-111.11890944298,31.828001660899996,2
-111.11890944298,31.828041660899995,2
-111.11886944298,31.827961660899994,2
-111.11886944298,31.828001660899996,2
-111.11886944298,31.828041660899995,2
-111.11882944298,31.827961660899994,2
-111.11882944298,31.828001660899996,2
-111.11882944298,31.828041660899995,2
-111.11891283343,31.82797152187001,2
-111.11891283343,31.82801152187001,2
-111.11891283343,31.82805152187001,2
-111.11887283343,31.82797152187001,2
-111.11887283343,31.82801152187001,2
-111.11887283343,31.82805152187001,2
-111.11883283343,31.82797152187001,2
-111.11883283343,31.82801152187001,2
-111.11883283343,31.82805152187001,2
-111.11891793966001,31.82798454123,2
-111.11891793966001,31.82802454123,2
-111.11891793966001,31.82806454123,2
-111.11887793966001,31.82798454123,2
-111.11887793966001,31.82802454123,2
-111.11887793966001,31.82806454123,2
-111.11883793966001,31.82798454123,2
-111.11883793966001,31.82802454123,2
-111.11883793966001,31.82806454123,2
-111.11892116756,31.8279936526,2
-111.11892116756,31.828033652600002,2
-111.11892116756,31.8280736526,2
-111.11888116756,31.8279936526,2
-111.11888116756,31.828033652600002,2
-111.11888116756,31.8280736526,2
-111.11884116756,31.8279936526,2
-111.11884116756,31.828033652600002,2
-111.11884116756,31.8280736526,2
-111.11892450061,31.828002818749997,2
-111.11892450061,31.82804281875,2
-111.11892450061,31.828082818749998,2
-111.11888450061001,31.828002818749997,2
-111.11888450061001,31.82804281875,2
-111.11888450061001,31.828082818749998,2
-111.11884450061001,31.828002818749997,2
-111.11884450061001,31.82804281875,2
-111.11884450061001,31.828082818749998,2
-111.11892919885,31.82801537557999,2
-111.11892919885,31.828055375579993,2
-111.11892919885,31.82809537557999,2
-111.11888919885,31.82801537557999,2
-111.11888919885,31.828055375579993,2
-111.11888919885,31.82809537557999,2
-111.11884919885,31.82801537557999,2
-111.11884919885,31.828055375579993,2
-111.11884919885,31.82809537557999,2
-111.11893300453,31.828024860359992,2
-111.11893300453,31.828064860359994,2
-111.11893300453,31.828104860359993,2
-111.11889300453001,31.828024860359992,2
-111.11889300453001,31.828064860359994,2
-111.11889300453001,31.828104860359993,2
-111.11885300453001,31.828024860359992,2
-111.11885300453001,31.828064860359994,2
-111.11885300453001,31.828104860359993,2
-111.11893693619,31.828034436129993,2
-111.11893693619,31.828074436129995,2
-111.11893693619,31.828114436129994,2
-111.11889693619,31.828034436129993,2
-111.11889693619,31.828074436129995,2
-111.11889693619,31.828114436129994,2
-111.11885693619,31.828034436129993,2
-111.11885693619,31.828074436129995,2
-111.11885693619,31.828114436129994,2
-111.11894200188,31.82804725681,2
-111.11894200188,31.82808725681,2
-111.11894200188,31.82812725681,2
-111.11890200188,31.82804725681,2
-111.11890200188,31.82808725681,2
-111.11890200188,31.82812725681,2
-111.11886200188,31.82804725681,2
-111.11886200188,31.82808725681,2
-111.11886200188,31.82812725681,2
-111.11894600733,31.828056851079996,2
-111.11894600733,31.828096851079998,2
-111.11894600733,31.828136851079996,2
-111.11890600733,31.828056851079996,2
-111.11890600733,31.828096851079998,2
-111.11890600733,31.828136851079996,2
-111.11886600733,31.828056851079996,2
-111.11886600733,31.828096851079998,2
-111.11886600733,31.828136851079996,2
-111.11895045301,31.82806684494,2
-111.11895045301,31.828106844940002,2
-111.11895045301,31.82814684494,2
-111.11891045301,31.82806684494,2
-111.11891045301,31.828106844940002,2
-111.11891045301,31.82814684494,2
-111.11887045301,31.82806684494,2
-111.11887045301,31.828106844940002,2
-111.11887045301,31.82814684494,2
-111.118954986,31.828076514669995,2
-111.118954986,31.828116514669997,2
-111.118954986,31.828156514669995,2
-111.11891498600001,31.828076514669995,2
-111.11891498600001,31.828116514669997,2
-111.11891498600001,31.828156514669995,2
-111.11887498600001,31.828076514669995,2
-111.11887498600001,31.828116514669997,2
-111.11887498600001,31.828156514669995,2
-111.1189607049,31.828089537879993,2
-111.1189607049,31.828129537879995,2
-111.1189607049,31.828169537879994,2
-111.1189207049,31.828089537879993,2
-111.1189207049,31.828129537879995,2
-111.1189207049,31.828169537879994,2
-111.11888070490001,31.828089537879993,2
-111.11888070490001,31.828129537879995,2
-111.11888070490001,31.828169537879994,2
-111.11896481614001,31.82809911477,2
-111.11896481614001,31.828139114770003,2
-111.11896481614001,31.828179114770002,2
-111.11892481614001,31.82809911477,2
-111.11892481614001,31.828139114770003,2
-111.11892481614001,31.828179114770002,2
-111.11888481614001,31.82809911477,2
-111.11888481614001,31.828139114770003,2
-111.11888481614001,31.828179114770002,2
-111.11896892093,31.82810821361001,2
-111.11896892093,31.828148213610014,2
-111.11896892093,31.828188213610012,2
-111.11892892093,31.82810821361001,2
-111.11892892093,31.828148213610014,2
-111.11892892093,31.828188213610012,2
-111.11888892093,31.82810821361001,2
-111.11888892093,31.828148213610014,2
-111.11888892093,31.828188213610012,2
-111.11897554159,31.828120791539995,2
-111.11897554159,31.828160791539997,2
-111.11897554159,31.828200791539995,2
-111.11893554159,31.828120791539995,2
-111.11893554159,31.828160791539997,2
-111.11893554159,31.828200791539995,2
-111.11889554159,31.828120791539995,2
-111.11889554159,31.828160791539997,2
-111.11889554159,31.828200791539995,2
-111.11898023365,31.828130390120005,2
-111.11898023365,31.828170390120007,2
-111.11898023365,31.828210390120006,2
-111.11894023365001,31.828130390120005,2
-111.11894023365001,31.828170390120007,2
-111.11894023365001,31.828210390120006,2
-111.11890023365001,31.828130390120005,2
-111.11890023365001,31.828170390120007,2
-111.11890023365001,31.828210390120006,2
-111.11898516944,31.828139900029996,2
-111.11898516944,31.828179900029998,2
-111.11898516944,31.828219900029996,2
-111.11894516944,31.828139900029996,2
-111.11894516944,31.828179900029998,2
-111.11894516944,31.828219900029996,2
-111.11890516944,31.828139900029996,2
-111.11890516944,31.828179900029998,2
-111.11890516944,31.828219900029996,2
-111.11899241838,31.828153122249997,2
-111.11899241838,31.82819312225,2
-111.11899241838,31.828233122249998,2
-111.11895241838,31.828153122249997,2
-111.11895241838,31.82819312225,2
-111.11895241838,31.828233122249998,2
-111.11891241838,31.828153122249997,2
-111.11891241838,31.82819312225,2
-111.11891241838,31.828233122249998,2
-111.11899807851,31.828163159819994,2
-111.11899807851,31.828203159819996,2
-111.11899807851,31.828243159819994,2
-111.11895807851,31.828163159819994,2
-111.11895807851,31.828203159819996,2
-111.11895807851,31.828243159819994,2
-111.11891807851,31.828163159819994,2
-111.11891807851,31.828203159819996,2
-111.11891807851,31.828243159819994,2
-111.11900377019,31.828173215620005,2
-111.11900377019,31.828213215620007,2
-111.11900377019,31.828253215620006,2
-111.11896377019,31.828173215620005,2
-111.11896377019,31.828213215620007,2
-111.11896377019,31.828253215620006,2
-111.11892377019001,31.828173215620005,2
-111.11892377019001,31.828213215620007,2
-111.11892377019001,31.828253215620006,2
-111.11900923064,31.828183134689997,3
-111.11900923064,31.82822313469,3
-111.11900923064,31.828263134689998,3
-111.11896923064,31.828183134689997,3
-111.11896923064,31.82822313469,3
-111.11896923064,31.828263134689998,3
-111.11892923064,31.828183134689997,3
-111.11892923064,31.82822313469,3
-111.11892923064,31.828263134689998,3
-111.11901669255,31.828196159819992,3
-111.11901669255,31.828236159819994,3
-111.11901669255,31.828276159819993,3
-111.11897669255,31.828196159819992,3
-111.11897669255,31.828236159819994,3
-111.11897669255,31.828276159819993,3
-111.11893669255001,31.828196159819992,3
-111.11893669255001,31.828236159819994,3
-111.11893669255001,31.828276159819993,3
-111.11902313468,31.82820616622999,3
-111.11902313468,31.82824616622999,3
-111.11902313468,31.82828616622999,3
-111.11898313468001,31.82820616622999,3
-111.11898313468001,31.82824616622999,3
-111.11898313468001,31.82828616622999,3
-111.11894313468001,31.82820616622999,3
-111.11894313468001,31.82824616622999,3
-111.11894313468001,31.82828616622999,3
-111.11902962116,31.828215929399992,3
-111.11902962116,31.828255929399994,3
-111.11902962116,31.828295929399992,3
-111.11898962116,31.828215929399992,3
-111.11898962116,31.828255929399994,3
-111.11898962116,31.828295929399992,3
-111.11894962116,31.828215929399992,3
-111.11894962116,31.828255929399994,3
-111.11894962116,31.828295929399992,3
-111.11903769535,31.82822900347999,3
-111.11903769535,31.828269003479992,3
-111.11903769535,31.82830900347999,3
-111.11899769535,31.82822900347999,3
-111.11899769535,31.828269003479992,3
-111.11899769535,31.82830900347999,3
-111.11895769535,31.82822900347999,3
-111.11895769535,31.828269003479992,3
-111.11895769535,31.82830900347999,3
-111.11904404444,31.8282387748,3
-111.11904404444,31.8282787748,3
-111.11904404444,31.8283187748,3
-111.11900404444,31.8282387748,3
-111.11900404444,31.8282787748,3
-111.11900404444,31.8283187748,3
-111.11896404444,31.8282387748,3
-111.11896404444,31.8282787748,3
-111.11896404444,31.8283187748,3
-111.11905089481,31.8282479901,3
-111.11905089481,31.8282879901,3
-111.11905089481,31.8283279901,3
-111.11901089481,31.8282479901,3
-111.11901089481,31.8282879901,3
-111.11901089481,31.8283279901,3
-111.11897089481,31.8282479901,3
-111.11897089481,31.8282879901,3
-111.11897089481,31.8283279901,3
-111.11905786255001,31.828257070849993,3
-111.11905786255001,31.828297070849995,3
-111.11905786255001,31.828337070849994,3
-111.11901786255001,31.828257070849993,3
-111.11901786255001,31.828297070849995,3
-111.11901786255001,31.828337070849994,3
-111.11897786255001,31.828257070849993,3
-111.11897786255001,31.828297070849995,3
-111.11897786255001,31.828337070849994,3
-111.11906639120001,31.82826889415,3
-111.11906639120001,31.828308894150002,3
-111.11906639120001,31.82834889415,3
-111.11902639120001,31.82826889415,3
-111.11902639120001,31.828308894150002,3
-111.11902639120001,31.82834889415,3
-111.11898639120001,31.82826889415,3
-111.11898639120001,31.828308894150002,3
-111.11898639120001,31.82834889415,3
-111.11907303451,31.82827762113,3
-111.11907303451,31.82831762113,3
-111.11907303451,31.82835762113,3
-111.11903303451,31.82827762113,3
-111.11903303451,31.82831762113,3
-111.11903303451,31.82835762113,3
-111.11899303451,31.82827762113,3
-111.11899303451,31.82831762113,3
-111.11899303451,31.82835762113,3
-111.11908013577,31.828285918069998,3
-111.11908013577,31.82832591807,3
-111.11908013577,31.82836591807,3
-111.11904013577,31.828285918069998,3
-111.11904013577,31.82832591807,3
-111.11904013577,31.82836591807,3
-111.11900013577001,31.828285918069998,3
-111.11900013577001,31.82832591807,3
-111.11900013577001,31.82836591807,3
-111.11908941947,31.82829715988,3
-111.11908941947,31.828337159880004,3
-111.11908941947,31.828377159880002,3
-111.11904941947,31.82829715988,3
-111.11904941947,31.828337159880004,3
-111.11904941947,31.828377159880002,3
-111.11900941947,31.82829715988,3
-111.11900941947,31.828337159880004,3
-111.11900941947,31.828377159880002,3
-111.11909614116,31.828305373259997,3
-111.11909614116,31.82834537326,3
-111.11909614116,31.828385373259998,3
-111.11905614116,31.828305373259997,3
-111.11905614116,31.82834537326,3
-111.11905614116,31.828385373259998,3
-111.11901614116,31.828305373259997,3
-111.11901614116,31.82834537326,3
-111.11901614116,31.828385373259998,3
-111.11910286767001,31.8283130275,3
-111.11910286767001,31.8283530275,3
-111.11910286767001,31.8283930275,3
-111.11906286767001,31.8283130275,3
-111.11906286767001,31.8283530275,3
-111.11906286767001,31.8283930275,3
-111.11902286767001,31.8283130275,3
-111.11902286767001,31.8283530275,3
-111.11902286767001,31.8283930275,3
-111.11910979573,31.8283205838,3
-111.11910979573,31.828360583800002,3
-111.11910979573,31.8284005838,3
-111.11906979573,31.8283205838,3
-111.11906979573,31.828360583800002,3
-111.11906979573,31.8284005838,3
-111.11902979573,31.8283205838,3
-111.11902979573,31.828360583800002,3
-111.11902979573,31.8284005838,3
-111.11911896131001,31.828330823759988,3
-111.11911896131001,31.82837082375999,3
-111.11911896131001,31.828410823759988,3
-111.11907896131001,31.828330823759988,3
-111.11907896131001,31.82837082375999,3
-111.11907896131001,31.828410823759988,3
-111.11903896131001,31.828330823759988,3
-111.11903896131001,31.82837082375999,3
-111.11903896131001,31.828410823759988,3
-111.11912570848,31.828338532249997,3
-111.11912570848,31.82837853225,3
-111.11912570848,31.828418532249998,3
-111.11908570848,31.828338532249997,3
-111.11908570848,31.82837853225,3
-111.11908570848,31.828418532249998,3
-111.11904570848,31.828338532249997,3
-111.11904570848,31.82837853225,3
-111.11904570848,31.828418532249998,3
-111.11913306792,31.828346289670005,3
-111.11913306792,31.828386289670007,3
-111.11913306792,31.828426289670006,3
-111.11909306792,31.828346289670005,3
-111.11909306792,31.828386289670007,3
-111.11909306792,31.828426289670006,3
-111.11905306792,31.828346289670005,3
-111.11905306792,31.828386289670007,3
-111.11905306792,31.828426289670006,3
-111.11914151047,31.82835707524999,3
-111.11914151047,31.828397075249992,3
-111.11914151047,31.82843707524999,3
-111.11910151047,31.82835707524999,3
-111.11910151047,31.828397075249992,3
-111.11910151047,31.82843707524999,3
-111.11906151047,31.82835707524999,3
-111.11906151047,31.828397075249992,3
-111.11906151047,31.82843707524999,3
-111.11914878324001,31.828365084660007,3
-111.11914878324001,31.82840508466001,3
-111.11914878324001,31.828445084660007,3
-111.11910878324001,31.828365084660007,3
-111.11910878324001,31.82840508466001,3
-111.11910878324001,31.828445084660007,3
-111.11906878324001,31.828365084660007,3
-111.11906878324001,31.82840508466001,3
-111.11906878324001,31.828445084660007,3
-111.11915617142,31.82837318497999,3
-111.11915617142,31.828413184979993,3
-111.11915617142,31.828453184979992,3
-111.11911617142,31.82837318497999,3
-111.11911617142,31.828413184979993,3
-111.11911617142,31.828453184979992,3
-111.11907617142,31.82837318497999,3
-111.11907617142,31.828413184979993,3
-111.11907617142,31.828453184979992,3
-111.1191631054,31.828381282450007,3
-111.1191631054,31.82842128245001,3
-111.1191631054,31.828461282450007,3
-111.1191231054,31.828381282450007,3
-111.1191231054,31.82842128245001,3
-111.1191231054,31.828461282450007,3
-111.11908310540001,31.828381282450007,3
-111.11908310540001,31.82842128245001,3
-111.11908310540001,31.828461282450007,3
-111.11917335572001,31.82839190801999,3
-111.11917335572001,31.828431908019994,3
-111.11917335572001,31.828471908019992,3
-111.11913335572001,31.82839190801999,3
-111.11913335572001,31.828431908019994,3
-111.11913335572001,31.828471908019992,3
-111.11909335572001,31.82839190801999,3
-111.11909335572001,31.828431908019994,3
-111.11909335572001,31.828471908019992,3
-111.11918049242,31.82839977227,4
-111.11918049242,31.828439772270002,4
-111.11918049242,31.82847977227,4
-111.11914049242,31.82839977227,4
-111.11914049242,31.828439772270002,4
-111.11914049242,31.82847977227,4
-111.11910049242,31.82839977227,4
-111.11910049242,31.828439772270002,4
-111.11910049242,31.82847977227,4
-111.1191878083,31.82840768274,4
-111.1191878083,31.828447682740002,4
-111.1191878083,31.82848768274,4
-111.1191478083,31.82840768274,4
-111.1191478083,31.828447682740002,4
-111.1191478083,31.82848768274,4
-111.1191078083,31.82840768274,4
-111.1191078083,31.828447682740002,4
-111.1191078083,31.82848768274,4
-111.11919775347,31.828418171099987,4
-111.11919775347,31.82845817109999,4
-111.11919775347,31.828498171099987,4
-111.11915775347,31.828418171099987,4
-111.11915775347,31.82845817109999,4
-111.11915775347,31.828498171099987,4
-111.11911775347001,31.828418171099987,4
-111.11911775347001,31.82845817109999,4
-111.11911775347001,31.828498171099987,4
-111.11920548186,31.82842602103,4
-111.11920548186,31.828466021030003,4
-111.11920548186,31.82850602103,4
-111.11916548186001,31.82842602103,4
-111.11916548186001,31.828466021030003,4
-111.11916548186001,31.82850602103,4
-111.11912548186001,31.82842602103,4
-111.11912548186001,31.828466021030003,4
-111.11912548186001,31.82850602103,4
-111.11921288599,31.828433499139997,4
-111.11921288599,31.82847349914,4
-111.11921288599,31.828513499139998,4
-111.11917288599,31.828433499139997,4
-111.11917288599,31.82847349914,4
-111.11917288599,31.828513499139998,4
-111.11913288599,31.828433499139997,4
-111.11913288599,31.82847349914,4
-111.11913288599,31.828513499139998,4
-111.11922243901,31.828442911780005,4
-111.11922243901,31.828482911780007,4
-111.11922243901,31.828522911780006,4
-111.11918243901,31.828442911780005,4
-111.11918243901,31.828482911780007,4
-111.11918243901,31.828522911780006,4
-111.11914243901,31.828442911780005,4
-111.11914243901,31.828482911780007,4
-111.11914243901,31.828522911780006,4
-111.11923026729,31.82845020316,4
-111.11923026729,31.82849020316,4
-111.11923026729,31.82853020316,4
-111.11919026729001,31.82845020316,4
-111.11919026729001,31.82849020316,4
-111.11919026729001,31.82853020316,4
-111.11915026729001,31.82845020316,4
-111.11915026729001,31.82849020316,4
-111.11915026729001,31.82853020316,4
-111.11923706155,31.828457352759997,4
-111.11923706155,31.82849735276,4
-111.11923706155,31.828537352759998,4
-111.11919706155,31.828457352759997,4
-111.11919706155,31.82849735276,4
-111.11919706155,31.828537352759998,4
-111.11915706155,31.828457352759997,4
-111.11915706155,31.82849735276,4
-111.11915706155,31.828537352759998,4
-111.11924426669,31.828464631209993,4
-111.11924426669,31.828504631209995,4
-111.11924426669,31.828544631209994,4
-111.11920426669,31.828464631209993,4
-111.11920426669,31.828504631209995,4
-111.11920426669,31.828544631209994,4
-111.11916426669,31.828464631209993,4
-111.11916426669,31.828504631209995,4
-111.11916426669,31.828544631209994,4
-111.11925399416,31.828474640199996,5
-111.11925399416,31.828514640199998,5
-111.11925399416,31.828554640199997,5
-111.11921399416,31.828474640199996,5
-111.11921399416,31.828514640199998,5
-111.11921399416,31.828554640199997,5
-111.11917399416001,31.828474640199996,5
-111.11917399416001,31.828514640199998,5
-111.11917399416001,31.828554640199997,5
-111.11926090097,31.828482214389997,5
-111.11926090097,31.82852221439,5
-111.11926090097,31.828562214389997,5
-111.11922090097,31.828482214389997,5
-111.11922090097,31.82852221439,5
-111.11922090097,31.828562214389997,5
-111.11918090097001,31.828482214389997,5
-111.11918090097001,31.82852221439,5
-111.11918090097001,31.828562214389997,5
-111.11926768389,31.82848945411,5
-111.11926768389,31.82852945411,5
-111.11926768389,31.82856945411,5
-111.11922768389,31.82848945411,5
-111.11922768389,31.82852945411,5
-111.11922768389,31.82856945411,5
-111.11918768389,31.82848945411,5
-111.11918768389,31.82852945411,5
-111.11918768389,31.82856945411,5
-111.11927406169,31.828497124190008,5
-111.11927406169,31.82853712419001,5
-111.11927406169,31.82857712419001,5
-111.11923406169001,31.828497124190008,5
-111.11923406169001,31.82853712419001,5
-111.11923406169001,31.82857712419001,5
-111.11919406169001,31.828497124190008,5
-111.11919406169001,31.82853712419001,5
-111.11919406169001,31.82857712419001,5
-111.11928266419,31.828507739389998,5
-111.11928266419,31.82854773939,5
-111.11928266419,31.82858773939,5
-111.11924266419,31.828507739389998,5
-111.11924266419,31.82854773939,5
-111.11924266419,31.82858773939,5
-111.11920266419,31.828507739389998,5
-111.11920266419,31.82854773939,5
-111.11920266419,31.82858773939,5
-111.11928963166,31.828515629629997,5
-111.11928963166,31.82855562963,5
-111.11928963166,31.828595629629998,5
-111.11924963166,31.828515629629997,5
-111.11924963166,31.82855562963,5
-111.11924963166,31.828595629629998,5
-111.11920963166,31.828515629629997,5
-111.11920963166,31.82855562963,5
-111.11920963166,31.828595629629998,5
-111.11929747415,31.828526176929998,5
-111.11929747415,31.82856617693,5
-111.11929747415,31.82860617693,5
-111.11925747415,31.828526176929998,5
-111.11925747415,31.82856617693,5
-111.11925747415,31.82860617693,5
-111.11921747415,31.828526176929998,5
-111.11921747415,31.82856617693,5
-111.11921747415,31.82860617693,5
-111.1193035443,31.828533998399998,5
-111.1193035443,31.8285739984,5
-111.1193035443,31.828613998399998,5
-111.1192635443,31.828533998399998,5
-111.1192635443,31.8285739984,5
-111.1192635443,31.828613998399998,5
-111.1192235443,31.828533998399998,5
-111.1192235443,31.8285739984,5
-111.1192235443,31.828613998399998,5
-111.1193087231,31.828542283260003,5
-111.1193087231,31.828582283260005,5
-111.1193087231,31.828622283260003,5
-111.1192687231,31.828542283260003,5
-111.1192687231,31.828582283260005,5
-111.1192687231,31.828622283260003,5
-111.11922872310001,31.828542283260003,5
-111.11922872310001,31.828582283260005,5
-111.11922872310001,31.828622283260003,5
-111.11931432459001,31.82855055273,5
-111.11931432459001,31.828590552730002,5
-111.11931432459001,31.82863055273,5
-111.11927432459001,31.82855055273,5
-111.11927432459001,31.828590552730002,5
-111.11927432459001,31.82863055273,5
-111.11923432459001,31.82855055273,5
-111.11923432459001,31.828590552730002,5
-111.11923432459001,31.82863055273,5
-111.11932086409,31.828561524749997,5
-111.11932086409,31.82860152475,5
-111.11932086409,31.828641524749997,5
-111.11928086409,31.828561524749997,5
-111.11928086409,31.82860152475,5
-111.11928086409,31.828641524749997,5
-111.11924086409,31.828561524749997,5
-111.11924086409,31.82860152475,5
-111.11924086409,31.828641524749997,5
-111.11932654985,31.82856982181,5
-111.11932654985,31.82860982181,5
-111.11932654985,31.82864982181,5
-111.11928654985,31.82856982181,5
-111.11928654985,31.82860982181,5
-111.11928654985,31.82864982181,5
-111.11924654985,31.82856982181,5
-111.11924654985,31.82860982181,5
-111.11924654985,31.82864982181,5
-111.11933139086,31.828578077489993,5
-111.11933139086,31.828618077489995,5
-111.11933139086,31.828658077489994,5
-111.11929139086,31.828578077489993,5
-111.11929139086,31.828618077489995,5
-111.11929139086,31.828658077489994,5
-111.11925139086,31.828578077489993,5
-111.11925139086,31.828618077489995,5
-111.11925139086,31.828658077489994,5
-111.11933772951001,31.82858906628999,5
-111.11933772951001,31.82862906628999,5
-111.11933772951001,31.82866906628999,5
-111.11929772951001,31.82858906628999,5
-111.11929772951001,31.82862906628999,5
-111.11929772951001,31.82866906628999,5
-111.11925772951001,31.82858906628999,5
-111.11925772951001,31.82862906628999,5
-111.11925772951001,31.82866906628999,5
-111.11934235911001,31.828597338669987,5
-111.11934235911001,31.82863733866999,5
-111.11934235911001,31.828677338669987,5
-111.11930235911001,31.828597338669987,5
-111.11930235911001,31.82863733866999,5
-111.11930235911001,31.828677338669987,5
-111.11926235911001,31.828597338669987,5
-111.11926235911001,31.82863733866999,5
-111.11926235911001,31.828677338669987,5
-111.11934727508,31.828605477569994,5
-111.11934727508,31.828645477569996,5
-111.11934727508,31.828685477569994,5
-111.11930727508,31.828605477569994,5
-111.11930727508,31.828645477569996,5
-111.11930727508,31.828685477569994,5
-111.11926727508,31.828605477569994,5
-111.11926727508,31.828645477569996,5
-111.11926727508,31.828685477569994,5
-111.11935296232001,31.828613603279994,5
-111.11935296232001,31.828653603279996,5
-111.11935296232001,31.828693603279994,5
-111.11931296232001,31.828613603279994,5
-111.11931296232001,31.828653603279996,5
-111.11931296232001,31.828693603279994,5
-111.11927296232001,31.828613603279994,5
-111.11927296232001,31.828653603279996,5
-111.11927296232001,31.828693603279994,5
-111.11936116523,31.828624008539993,5
-111.11936116523,31.828664008539995,5
-111.11936116523,31.828704008539994,5
-111.11932116523,31.828624008539993,5
-111.11932116523,31.828664008539995,5
-111.11932116523,31.828704008539994,5
-111.11928116523,31.828624008539993,5
-111.11928116523,31.828664008539995,5
-111.11928116523,31.828704008539994,5
-111.11936679647,31.828631277090004,5
-111.11936679647,31.828671277090006,5
-111.11936679647,31.828711277090004,5
-111.11932679647,31.828631277090004,5
-111.11932679647,31.828671277090006,5
-111.11932679647,31.828711277090004,5
-111.11928679647,31.828631277090004,5
-111.11928679647,31.828671277090006,5
-111.11928679647,31.828711277090004,5
-111.119373297,31.828638190349995,5
-111.119373297,31.828678190349997,5
-111.119373297,31.828718190349996,5
-111.119333297,31.828638190349995,5
-111.119333297,31.828678190349997,5
-111.119333297,31.828718190349996,5
-111.119293297,31.828638190349995,5
-111.119293297,31.828678190349997,5
-111.119293297,31.828718190349996,5
-111.11938160788,31.82864709914,5
-111.11938160788,31.82868709914,5
-111.11938160788,31.82872709914,5
-111.11934160788,31.82864709914,5
-111.11934160788,31.82868709914,5
-111.11934160788,31.82872709914,5
-111.11930160788,31.82864709914,5
-111.11930160788,31.82868709914,5
-111.11930160788,31.82872709914,5
-111.11938849382,31.82865341956,5
-111.11938849382,31.82869341956,5
-111.11938849382,31.82873341956,5
-111.11934849382,31.82865341956,5
-111.11934849382,31.82869341956,5
-111.11934849382,31.82873341956,5
-111.11930849382,31.82865341956,5
-111.11930849382,31.82869341956,5
-111.11930849382,31.82873341956,5
-111.11939591429,31.828659003789998,5
-111.11939591429,31.82869900379,5
-111.11939591429,31.828739003789998,5
-111.11935591429,31.828659003789998,5
-111.11935591429,31.82869900379,5
-111.11935591429,31.828739003789998,5
-111.11931591429,31.828659003789998,5
-111.11931591429,31.82869900379,5
-111.11931591429,31.828739003789998,5
-111.11940522472,31.82866592567,5
-111.11940522472,31.82870592567,5
-111.11940522472,31.82874592567,5
-111.11936522472,31.82866592567,5
-111.11936522472,31.82870592567,5
-111.11936522472,31.82874592567,5
-111.11932522472,31.82866592567,5
-111.11932522472,31.82870592567,5
-111.11932522472,31.82874592567,5
-111.11941549026,31.828672339459995,5
-111.11941549026,31.828712339459997,5
-111.11941549026,31.828752339459996,5
-111.11937549026,31.828672339459995,5
-111.11937549026,31.828712339459997,5
-111.11937549026,31.828752339459996,5
-111.11933549026,31.828672339459995,5
-111.11933549026,31.828712339459997,5
-111.11933549026,31.828752339459996,5
-111.11942632684,31.82867745811999,5
-111.11942632684,31.828717458119993,5
-111.11942632684,31.82875745811999,5
-111.11938632684,31.82867745811999,5
-111.11938632684,31.828717458119993,5
-111.11938632684,31.82875745811999,5
-111.11934632684,31.82867745811999,5
-111.11934632684,31.828717458119993,5
-111.11934632684,31.82875745811999,5
-111.11943975902,31.82868293579,5
-111.11943975902,31.82872293579,5
-111.11943975902,31.82876293579,5
-111.11939975902,31.82868293579,5
-111.11939975902,31.82872293579,5
-111.11939975902,31.82876293579,5
-111.11935975902,31.82868293579,5
-111.11935975902,31.82872293579,5
-111.11935975902,31.82876293579,5
-111.11944932857,31.828685530199994,5
-111.11944932857,31.828725530199996,5
-111.11944932857,31.828765530199995,5
-111.11940932857,31.828685530199994,5
-111.11940932857,31.828725530199996,5
-111.11940932857,31.828765530199995,5
-111.11936932857,31.828685530199994,5
-111.11936932857,31.828725530199996,5
-111.11936932857,31.828765530199995,5
-111.11945872779,31.828688276860003,5
-111.11945872779,31.828728276860005,5
-111.11945872779,31.828768276860004,5
-111.11941872779,31.828688276860003,5
-111.11941872779,31.828728276860005,5
-111.11941872779,31.828768276860004,5
-111.11937872779001,31.828688276860003,5
-111.11937872779001,31.828728276860005,5
-111.11937872779001,31.828768276860004,5
-111.11947148012,31.82869051246,5
-111.11947148012,31.82873051246,5
-111.11947148012,31.82877051246,5
-111.11943148012,31.82869051246,5
-111.11943148012,31.82873051246,5
-111.11943148012,31.82877051246,5
-111.11939148012,31.82869051246,5
-111.11939148012,31.82873051246,5
-111.11939148012,31.82877051246,5
-111.11948405025001,31.828691826989992,5
-111.11948405025001,31.828731826989994,5
-111.11948405025001,31.828771826989993,5
-111.11944405025001,31.828691826989992,5
-111.11944405025001,31.828731826989994,5
-111.11944405025001,31.828771826989993,5
-111.11940405025001,31.828691826989992,5
-111.11940405025001,31.828731826989994,5
-111.11940405025001,31.828771826989993,5
-111.11949663466,31.82869270869,5
-111.11949663466,31.82873270869,5
-111.11949663466,31.82877270869,5
-111.11945663466,31.82869270869,5
-111.11945663466,31.82873270869,5
-111.11945663466,31.82877270869,5
-111.11941663466,31.82869270869,5
-111.11941663466,31.82873270869,5
-111.11941663466,31.82877270869,5
-111.11950730706,31.82869236083,5
-111.11950730706,31.828732360830003,5
-111.11950730706,31.82877236083,5
-111.11946730706,31.82869236083,5
-111.11946730706,31.828732360830003,5
-111.11946730706,31.82877236083,5
-111.11942730706001,31.82869236083,5
-111.11942730706001,31.828732360830003,5
-111.11942730706001,31.82877236083,5
-111.11951758521,31.82869118075,5
-111.11951758521,31.82873118075,5
-111.11951758521,31.82877118075,5
-111.11947758521,31.82869118075,5
-111.11947758521,31.82873118075,5
-111.11947758521,31.82877118075,5
-111.11943758521001,31.82869118075,5
-111.11943758521001,31.82873118075,5
-111.11943758521001,31.82877118075,5
-111.11952968201,31.82868980464999,5
-111.11952968201,31.828729804649992,5
-111.11952968201,31.82876980464999,5
-111.11948968201,31.82868980464999,5
-111.11948968201,31.828729804649992,5
-111.11948968201,31.82876980464999,5
-111.11944968201,31.82868980464999,5
-111.11944968201,31.828729804649992,5
-111.11944968201,31.82876980464999,5
-111.1195395054,31.82868745826999,5
-111.1195395054,31.82872745826999,5
-111.1195395054,31.82876745826999,5
-111.1194995054,31.82868745826999,5
-111.1194995054,31.82872745826999,5
-111.1194995054,31.82876745826999,5
-111.1194595054,31.82868745826999,5
-111.1194595054,31.82872745826999,5
-111.1194595054,31.82876745826999,5
-111.11955039326,31.82868417158,5
-111.11955039326,31.828724171580003,5
-111.11955039326,31.82876417158,5
-111.11951039326,31.82868417158,5
-111.11951039326,31.828724171580003,5
-111.11951039326,31.82876417158,5
-111.11947039326,31.82868417158,5
-111.11947039326,31.828724171580003,5
-111.11947039326,31.82876417158,5
-111.11956558143,31.82867833248,5
-111.11956558143,31.82871833248,5
-111.11956558143,31.82875833248,5
-111.11952558143,31.82867833248,5
-111.11952558143,31.82871833248,5
-111.11952558143,31.82875833248,5
-111.11948558143,31.82867833248,5
-111.11948558143,31.82871833248,5
-111.11948558143,31.82875833248,5
-111.11957637469,31.828672537930007,5
-111.11957637469,31.82871253793001,5
-111.11957637469,31.828752537930008,5
-111.11953637469,31.828672537930007,5
-111.11953637469,31.82871253793001,5
-111.11953637469,31.828752537930008,5
-111.11949637469,31.828672537930007,5
-111.11949637469,31.82871253793001,5
-111.11949637469,31.828752537930008,5
-111.1195853472,31.8286671829,5
-111.1195853472,31.8287071829,5
-111.1195853472,31.8287471829,5
-111.1195453472,31.8286671829,5
-111.1195453472,31.8287071829,5
-111.1195453472,31.8287471829,5
-111.1195053472,31.8286671829,5
-111.1195053472,31.8287071829,5
-111.1195053472,31.8287471829,5
-111.11959386952,31.828660129480003,5
-111.11959386952,31.828700129480005,5
-111.11959386952,31.828740129480003,5
-111.11955386952,31.828660129480003,5
-111.11955386952,31.828700129480005,5
-111.11955386952,31.828740129480003,5
-111.11951386952,31.828660129480003,5
-111.11951386952,31.828700129480005,5
-111.11951386952,31.828740129480003,5
-111.11960352374,31.828650440609998,5
-111.11960352374,31.82869044061,5
-111.11960352374,31.82873044061,5
-111.11956352374,31.828650440609998,5
-111.11956352374,31.82869044061,5
-111.11956352374,31.82873044061,5
-111.11952352374,31.828650440609998,5
-111.11952352374,31.82869044061,5
-111.11952352374,31.82873044061,5
-111.11960899952,31.828642646549998,5
-111.11960899952,31.82868264655,5
-111.11960899952,31.82872264655,5
-111.11956899952,31.828642646549998,5
-111.11956899952,31.82868264655,5
-111.11956899952,31.82872264655,5
-111.11952899952,31.828642646549998,5
-111.11952899952,31.82868264655,5
-111.11952899952,31.82872264655,5
-111.11961424531,31.828634571459993,5
-111.11961424531,31.828674571459995,5
-111.11961424531,31.828714571459994,5
-111.11957424531,31.828634571459993,5
-111.11957424531,31.828674571459995,5
-111.11957424531,31.828714571459994,5
-111.11953424531,31.828634571459993,5
-111.11953424531,31.828674571459995,5
-111.11953424531,31.828714571459994,5
-111.11961922446,31.82862311258999,5
-111.11961922446,31.828663112589993,5
-111.11961922446,31.82870311258999,5
-111.11957922446,31.82862311258999,5
-111.11957922446,31.828663112589993,5
-111.11957922446,31.82870311258999,5
-111.11953922446,31.82862311258999,5
-111.11953922446,31.828663112589993,5
-111.11953922446,31.82870311258999,5
-111.11962159147001,31.828614442209997,5
-111.11962159147001,31.82865444221,5
-111.11962159147001,31.828694442209997,5
-111.11958159147001,31.828614442209997,5
-111.11958159147001,31.82865444221,5
-111.11958159147001,31.828694442209997,5
-111.11954159147001,31.828614442209997,5
-111.11954159147001,31.82865444221,5
-111.11954159147001,31.828694442209997,5
-111.11962293735,31.828605359559997,5
-111.11962293735,31.82864535956,5
-111.11962293735,31.828685359559998,5
-111.11958293735,31.828605359559997,5
-111.11958293735,31.82864535956,5
-111.11958293735,31.828685359559998,5
-111.11954293735,31.828605359559997,5
-111.11954293735,31.82864535956,5
-111.11954293735,31.828685359559998,5
-111.11962308073001,31.828596070960007,5
-111.11962308073001,31.82863607096001,5
-111.11962308073001,31.828676070960007,5
-111.11958308073001,31.828596070960007,5
-111.11958308073001,31.82863607096001,5
-111.11958308073001,31.828676070960007,5
-111.11954308073001,31.828596070960007,5
-111.11954308073001,31.82863607096001,5
-111.11954308073001,31.828676070960007,5
-111.11962235723,31.82858440492,5
-111.11962235723,31.828624404920003,5
-111.11962235723,31.82866440492,5
-111.11958235723,31.82858440492,5
-111.11958235723,31.828624404920003,5
-111.11958235723,31.82866440492,5
-111.11954235723,31.82858440492,5
-111.11954235723,31.828624404920003,5
-111.11954235723,31.82866440492,5
-111.11962105905,31.828575684479997,5
-111.11962105905,31.82861568448,5
-111.11962105905,31.828655684479997,5
-111.11958105905,31.828575684479997,5
-111.11958105905,31.82861568448,5
-111.11958105905,31.828655684479997,5
-111.11954105905001,31.828575684479997,5
-111.11954105905001,31.82861568448,5
-111.11954105905001,31.828655684479997,5
-111.11961789297,31.82856674487,5
-111.11961789297,31.82860674487,5
-111.11961789297,31.82864674487,5
-111.11957789297,31.82856674487,5
-111.11957789297,31.82860674487,5
-111.11957789297,31.82864674487,5
-111.11953789297,31.82856674487,5
-111.11953789297,31.82860674487,5
-111.11953789297,31.82864674487,5
-111.11961374235,31.828558051609996,5
-111.11961374235,31.828598051609998,5
-111.11961374235,31.828638051609996,5
-111.11957374235,31.828558051609996,5
-111.11957374235,31.828598051609998,5
-111.11957374235,31.828638051609996,5
-111.11953374235,31.828558051609996,5
-111.11953374235,31.828598051609998,5
-111.11953374235,31.828638051609996,5
-111.11960717928,31.828547359039995,5
-111.11960717928,31.828587359039997,5
-111.11960717928,31.828627359039995,5
-111.11956717928,31.828547359039995,5
-111.11956717928,31.828587359039997,5
-111.11956717928,31.828627359039995,5
-111.11952717928,31.828547359039995,5
-111.11952717928,31.828587359039997,5
-111.11952717928,31.828627359039995,5
-111.11960154173,31.828539594419997,5
-111.11960154173,31.82857959442,5
-111.11960154173,31.828619594419997,5
-111.11956154173001,31.828539594419997,5
-111.11956154173001,31.82857959442,5
-111.11956154173001,31.828619594419997,5
-111.11952154173001,31.828539594419997,5
-111.11952154173001,31.82857959442,5
-111.11952154173001,31.828619594419997,5
-111.11959204163,31.828530164089997,5
-111.11959204163,31.82857016409,5
-111.11959204163,31.828610164089998,5
-111.11955204163,31.828530164089997,5
-111.11955204163,31.82857016409,5
-111.11955204163,31.828610164089998,5
-111.11951204163,31.828530164089997,5
-111.11951204163,31.82857016409,5
-111.11951204163,31.828610164089998,5
-111.11958439778,31.828523532279995,5
-111.11958439778,31.828563532279997,5
-111.11958439778,31.828603532279995,5
-111.11954439778,31.828523532279995,5
-111.11954439778,31.828563532279997,5
-111.11954439778,31.828603532279995,5
-111.11950439778,31.828523532279995,5
-111.11950439778,31.828563532279997,5
-111.11950439778,31.828603532279995,5
-111.11957649466,31.82851756624,5
-111.11957649466,31.82855756624,5
-111.11957649466,31.82859756624,5
-111.11953649466,31.82851756624,5
-111.11953649466,31.82855756624,5
-111.11953649466,31.82859756624,5
-111.11949649466,31.82851756624,5
-111.11949649466,31.82855756624,5
-111.11949649466,31.82859756624,5
-111.11956497187,31.828509945039997,5
-111.11956497187,31.82854994504,5
-111.11956497187,31.828589945039997,5
-111.11952497187,31.828509945039997,5
-111.11952497187,31.82854994504,5
-111.11952497187,31.828589945039997,5
-111.11948497187001,31.828509945039997,5
-111.11948497187001,31.82854994504,5
-111.11948497187001,31.828589945039997,5
-111.11955588032001,31.82850459384,5
-111.11955588032001,31.828544593840004,5
-111.11955588032001,31.828584593840002,5
-111.11951588032001,31.82850459384,5
-111.11951588032001,31.828544593840004,5
-111.11951588032001,31.828584593840002,5
-111.11947588032001,31.82850459384,5
-111.11947588032001,31.828544593840004,5
-111.11947588032001,31.828584593840002,5
-111.1195467094,31.828499873469998,5
-111.1195467094,31.82853987347,5
-111.1195467094,31.828579873469998,5
-111.1195067094,31.828499873469998,5
-111.1195067094,31.82853987347,5
-111.1195067094,31.828579873469998,5
-111.1194667094,31.828499873469998,5
-111.1194667094,31.82853987347,5
-111.1194667094,31.828579873469998,5
-111.11953670926,31.828495761179997,5
-111.11953670926,31.82853576118,5
-111.11953670926,31.828575761179998,5
-111.11949670926,31.828495761179997,5
-111.11949670926,31.82853576118,5
-111.11949670926,31.828575761179998,5
-111.11945670926,31.828495761179997,5
-111.11945670926,31.82853576118,5
-111.11945670926,31.828575761179998,5
-111.11952473374001,31.82849041893,5
-111.11952473374001,31.82853041893,5
-111.11952473374001,31.82857041893,5
-111.11948473374001,31.82849041893,5
-111.11948473374001,31.82853041893,5
-111.11948473374001,31.82857041893,5
-111.11944473374001,31.82849041893,5
-111.11944473374001,31.82853041893,5
-111.11944473374001,31.82857041893,5
-111.11951046616001,31.82848504425,5
-111.11951046616001,31.828525044250004,5
-111.11951046616001,31.828565044250002,5
-111.11947046616001,31.82848504425,5
-111.11947046616001,31.828525044250004,5
-111.11947046616001,31.828565044250002,5
-111.11943046616001,31.82848504425,5
-111.11943046616001,31.828525044250004,5
-111.11943046616001,31.828565044250002,5
-111.11949671105,31.82848026803,5
-111.11949671105,31.82852026803,5
-111.11949671105,31.82856026803,5
-111.11945671105,31.82848026803,5
-111.11945671105,31.82852026803,5
-111.11945671105,31.82856026803,5
-111.11941671105001,31.82848026803,5
-111.11941671105001,31.82852026803,5
-111.11941671105001,31.82856026803,5
-111.11948429491,31.828475797849993,5
-111.11948429491,31.828515797849995,5
-111.11948429491,31.828555797849994,5
-111.11944429491,31.828475797849993,5
-111.11944429491,31.828515797849995,5
-111.11944429491,31.828555797849994,5
-111.11940429491,31.828475797849993,5
-111.11940429491,31.828515797849995,5
-111.11940429491,31.828555797849994,5
-111.11947432615,31.828471721829988,5
-111.11947432615,31.82851172182999,5
-111.11947432615,31.82855172182999,5
-111.11943432615,31.828471721829988,5
-111.11943432615,31.82851172182999,5
-111.11943432615,31.82855172182999,5
-111.11939432615,31.828471721829988,5
-111.11939432615,31.82851172182999,5
-111.11939432615,31.82855172182999,5
-111.11946549519,31.82846800468999,5
-111.11946549519,31.828508004689994,5
-111.11946549519,31.828548004689992,5
-111.11942549519,31.82846800468999,5
-111.11942549519,31.828508004689994,5
-111.11942549519,31.828548004689992,5
-111.11938549519,31.82846800468999,5
-111.11938549519,31.828508004689994,5
-111.11938549519,31.828548004689992,5
-111.11945471626,31.828463553800002,5
-111.11945471626,31.828503553800005,5
-111.11945471626,31.828543553800003,5
-111.11941471626,31.828463553800002,5
-111.11941471626,31.828503553800005,5
-111.11941471626,31.828543553800003,5
-111.11937471626,31.828463553800002,5
-111.11937471626,31.828503553800005,5
-111.11937471626,31.828543553800003,5
-111.11944497315,31.828460263839997,5
-111.11944497315,31.82850026384,5
-111.11944497315,31.828540263839997,5
-111.11940497315,31.828460263839997,5
-111.11940497315,31.82850026384,5
-111.11940497315,31.828540263839997,5
-111.11936497315,31.828460263839997,5
-111.11936497315,31.82850026384,5
-111.11936497315,31.828540263839997,5
-111.11943430591,31.828456336750005,5
-111.11943430591,31.828496336750007,5
-111.11943430591,31.828536336750005,5
-111.11939430591,31.828456336750005,5
-111.11939430591,31.828496336750007,5
-111.11939430591,31.828536336750005,5
-111.11935430591001,31.828456336750005,5
-111.11935430591001,31.828496336750007,5
-111.11935430591001,31.828536336750005,5
-111.11942520683,31.82845308691,5
-111.11942520683,31.82849308691,5
-111.11942520683,31.82853308691,5
-111.11938520683,31.82845308691,5
-111.11938520683,31.82849308691,5
-111.11938520683,31.82853308691,5
-111.11934520683,31.82845308691,5
-111.11934520683,31.82849308691,5
-111.11934520683,31.82853308691,5
-111.11941420864,31.828448337019996,5
-111.11941420864,31.828488337019998,5
-111.11941420864,31.828528337019996,5
-111.11937420864,31.828448337019996,5
-111.11937420864,31.828488337019998,5
-111.11937420864,31.828528337019996,5
-111.11933420864,31.828448337019996,5
-111.11933420864,31.828488337019998,5
-111.11933420864,31.828528337019996,5
-111.11940279103,31.828444450310002,5
-111.11940279103,31.828484450310004,5
-111.11940279103,31.828524450310002,5
-111.11936279103,31.828444450310002,5
-111.11936279103,31.828484450310004,5
-111.11936279103,31.828524450310002,5
-111.11932279103,31.828444450310002,5
-111.11932279103,31.828484450310004,5
-111.11932279103,31.828524450310002,5
-111.11939177226,31.82844086372999,5
-111.11939177226,31.828480863729993,5
-111.11939177226,31.82852086372999,5
-111.11935177226,31.82844086372999,5
-111.11935177226,31.828480863729993,5
-111.11935177226,31.82852086372999,5
-111.11931177226,31.82844086372999,5
-111.11931177226,31.828480863729993,5
-111.11931177226,31.82852086372999,5
-111.11937924071,31.828436302619995,5
-111.11937924071,31.828476302619997,5
-111.11937924071,31.828516302619995,5
-111.11933924071,31.828436302619995,5
-111.11933924071,31.828476302619997,5
-111.11933924071,31.828516302619995,5
-111.11929924071,31.828436302619995,5
-111.11929924071,31.828476302619997,5
-111.11929924071,31.828516302619995,5
-111.11936545354,31.828430344709997,5
-111.11936545354,31.82847034471,5
-111.11936545354,31.828510344709997,5
-111.11932545354,31.828430344709997,5
-111.11932545354,31.82847034471,5
-111.11932545354,31.828510344709997,5
-111.11928545354,31.828430344709997,5
-111.11928545354,31.82847034471,5
-111.11928545354,31.828510344709997,5
-111.11935227935,31.828424354570004,5
-111.11935227935,31.828464354570006,5
-111.11935227935,31.828504354570004,5
-111.11931227935,31.828424354570004,5
-111.11931227935,31.828464354570006,5
-111.11931227935,31.828504354570004,5
-111.11927227935,31.828424354570004,5
-111.11927227935,31.828464354570006,5
-111.11927227935,31.828504354570004,5
-111.11933876838,31.82841821801,5
-111.11933876838,31.828458218010002,5
-111.11933876838,31.82849821801,5
-111.11929876838,31.82841821801,5
-111.11929876838,31.828458218010002,5
-111.11929876838,31.82849821801,5
-111.11925876838,31.82841821801,5
-111.11925876838,31.828458218010002,5
-111.11925876838,31.82849821801,5
-111.11932838101,31.82841246182,5
-111.11932838101,31.828452461820003,5
-111.11932838101,31.82849246182,5
-111.11928838101001,31.82841246182,5
-111.11928838101001,31.828452461820003,5
-111.11928838101001,31.82849246182,5
-111.11924838101001,31.82841246182,5
-111.11924838101001,31.828452461820003,5
-111.11924838101001,31.82849246182,5
-111.11931818618,31.828406427260003,5
-111.11931818618,31.828446427260005,5
-111.11931818618,31.828486427260003,5
-111.11927818618,31.828406427260003,5
-111.11927818618,31.828446427260005,5
-111.11927818618,31.828486427260003,5
-111.11923818618,31.828406427260003,5
-111.11923818618,31.828446427260005,5
-111.11923818618,31.828486427260003,5
-111.11930578039001,31.828398304449994,5
-111.11930578039001,31.828438304449996,5
-111.11930578039001,31.828478304449995,5
-111.11926578039001,31.828398304449994,5
-111.11926578039001,31.828438304449996,5
-111.11926578039001,31.828478304449995,5
-111.11922578039001,31.828398304449994,5
-111.11922578039001,31.828438304449996,5
-111.11922578039001,31.828478304449995,5
-111.11929540584,31.828391060220007,5
-111.11929540584,31.82843106022001,5
-111.11929540584,31.828471060220007,5
-111.11925540584001,31.828391060220007,5
-111.11925540584001,31.82843106022001,5
-111.11925540584001,31.828471060220007,5
-111.11921540584001,31.828391060220007,5
-111.11921540584001,31.82843106022001,5
-111.11921540584001,31.828471060220007,5
-111.11928464706,31.828383046960003,5
-111.11928464706,31.828423046960005,5
-111.11928464706,31.828463046960003,5
-111.11924464706,31.828383046960003,5
-111.11924464706,31.828423046960005,5
-111.11924464706,31.828463046960003,5
-111.11920464706,31.828383046960003,5
-111.11920464706,31.828423046960005,5
-111.11920464706,31.828463046960003,5
-111.11927712868,31.82837656923,5
-111.11927712868,31.82841656923,5
-111.11927712868,31.82845656923,5
-111.11923712868,31.82837656923,5
-111.11923712868,31.82841656923,5
-111.11923712868,31.82845656923,5
-111.11919712868,31.82837656923,5
-111.11919712868,31.82841656923,5
-111.11919712868,31.82845656923,5
-111.11926730676001,31.82836771407999,5
-111.11926730676001,31.828407714079994,5
-111.11926730676001,31.828447714079992,5
-111.11922730676001,31.82836771407999,5
-111.11922730676001,31.828407714079994,5
-111.11922730676001,31.828447714079992,5
-111.11918730676001,31.82836771407999,5
-111.11918730676001,31.828407714079994,5
-111.11918730676001,31.828447714079992,5
-111.11925467832,31.828356009350003,5
-111.11925467832,31.828396009350005,5
-111.11925467832,31.828436009350003,5
-111.11921467832,31.828356009350003,5
-111.11921467832,31.828396009350005,5
-111.11921467832,31.828436009350003,5
-111.11917467832001,31.828356009350003,5
-111.11917467832001,31.828396009350005,5
-111.11917467832001,31.828436009350003,5
-111.11924772585,31.828348831699998,5
-111.11924772585,31.8283888317,5
-111.11924772585,31.8284288317,5
-111.11920772585,31.828348831699998,5
-111.11920772585,31.8283888317,5
-111.11920772585,31.8284288317,5
-111.11916772585,31.828348831699998,5
-111.11916772585,31.8283888317,5
-111.11916772585,31.8284288317,5
-111.11924099568,31.828341601330006,5
-111.11924099568,31.82838160133001,5
-111.11924099568,31.828421601330007,5
-111.11920099568,31.828341601330006,5
-111.11920099568,31.82838160133001,5
-111.11920099568,31.828421601330007,5
-111.11916099568,31.828341601330006,5
-111.11916099568,31.82838160133001,5
-111.11916099568,31.828421601330007,5
-111.11923404166001,31.828334604050003,5
-111.11923404166001,31.828374604050005,5
-111.11923404166001,31.828414604050003,5
-111.11919404166001,31.828334604050003,5
-111.11919404166001,31.828374604050005,5
-111.11919404166001,31.828414604050003,5
-111.11915404166001,31.828334604050003,5
-111.11915404166001,31.828374604050005,5
-111.11915404166001,31.828414604050003,5
-111.11922754185,31.828327609620004,5
-111.11922754185,31.828367609620006,5
-111.11922754185,31.828407609620005,5
-111.11918754185,31.828327609620004,5
-111.11918754185,31.828367609620006,5
-111.11918754185,31.828407609620005,5
-111.11914754185,31.828327609620004,5
-111.11914754185,31.828367609620006,5
-111.11914754185,31.828407609620005,5
-111.11921953441,31.828317818869994,5
-111.11921953441,31.828357818869996,5
-111.11921953441,31.828397818869995,5
-111.11917953441001,31.828317818869994,5
-111.11917953441001,31.828357818869996,5
-111.11917953441001,31.828397818869995,5
-111.11913953441001,31.828317818869994,5
-111.11913953441001,31.828357818869996,5
-111.11913953441001,31.828397818869995,5
-111.11921314109,31.828310725900003,5
-111.11921314109,31.828350725900005,5
-111.11921314109,31.828390725900004,5
-111.11917314109,31.828310725900003,5
-111.11917314109,31.828350725900005,5
-111.11917314109,31.828390725900004,5
-111.11913314109,31.828310725900003,5
-111.11913314109,31.828350725900005,5
-111.11913314109,31.828390725900004,5
-111.11920673768,31.82830357876,5
-111.11920673768,31.828343578760002,5
-111.11920673768,31.82838357876,5
-111.11916673768,31.82830357876,5
-111.11916673768,31.828343578760002,5
-111.11916673768,31.82838357876,5
-111.11912673768,31.82830357876,5
-111.11912673768,31.828343578760002,5
-111.11912673768,31.82838357876,5
-111.11919866872,31.82829357116,5
-111.11919866872,31.82833357116,5
-111.11919866872,31.82837357116,5
-111.11915866872,31.82829357116,5
-111.11915866872,31.82833357116,5
-111.11915866872,31.82837357116,5
-111.11911866872,31.82829357116,5
-111.11911866872,31.82833357116,5
-111.11911866872,31.82837357116,5
-111.11919234392,31.82828588338,5
-111.11919234392,31.828325883380003,5
-111.11919234392,31.828365883380002,5
-111.11915234392,31.82828588338,5
-111.11915234392,31.828325883380003,5
-111.11915234392,31.828365883380002,5
-111.11911234392001,31.82828588338,5
-111.11911234392001,31.828325883380003,5
-111.11911234392001,31.828365883380002,5
-111.1191867284,31.828278019659994,5
-111.1191867284,31.828318019659996,5
-111.1191867284,31.828358019659994,5
-111.1191467284,31.828278019659994,5
-111.1191467284,31.828318019659996,5
-111.1191467284,31.828358019659994,5
-111.1191067284,31.828278019659994,5
-111.1191067284,31.828318019659996,5
-111.1191067284,31.828358019659994,5
-111.11917829471,31.828267432559993,5
-111.11917829471,31.828307432559996,5
-111.11917829471,31.828347432559994,5
-111.11913829471,31.828267432559993,5
-111.11913829471,31.828307432559996,5
-111.11913829471,31.828347432559994,5
-111.11909829471,31.828267432559993,5
-111.11909829471,31.828307432559996,5
-111.11909829471,31.828347432559994,5
-111.11917189225001,31.828258950619993,5
-111.11917189225001,31.828298950619995,5
-111.11917189225001,31.828338950619994,5
-111.11913189225001,31.828258950619993,5
-111.11913189225001,31.828298950619995,5
-111.11913189225001,31.828338950619994,5
-111.11909189225001,31.828258950619993,5
-111.11909189225001,31.828298950619995,5
-111.11909189225001,31.828338950619994,5
-111.11916620776,31.828250509260002,5
-111.11916620776,31.828290509260004,5
-111.11916620776,31.828330509260002,5
-111.11912620776,31.828250509260002,5
-111.11912620776,31.828290509260004,5
-111.11912620776,31.828330509260002,5
-111.11908620776,31.828250509260002,5
-111.11908620776,31.828290509260004,5
-111.11908620776,31.828330509260002,5
-111.11915834014,31.8282392042,5
-111.11915834014,31.8282792042,5
-111.11915834014,31.8283192042,5
-111.11911834014,31.8282392042,5
-111.11911834014,31.8282792042,5
-111.11911834014,31.8283192042,5
-111.11907834014,31.8282392042,5
-111.11907834014,31.8282792042,5
-111.11907834014,31.8283192042,5
-111.11915272922,31.828230808399994,5
-111.11915272922,31.828270808399996,5
-111.11915272922,31.828310808399994,5
-111.11911272922,31.828230808399994,5
-111.11911272922,31.828270808399996,5
-111.11911272922,31.828310808399994,5
-111.11907272922001,31.828230808399994,5
-111.11907272922001,31.828270808399996,5
-111.11907272922001,31.828310808399994,5
-111.11914775332001,31.828222272279998,5
-111.11914775332001,31.82826227228,5
-111.11914775332001,31.82830227228,5
-111.11910775332001,31.828222272279998,5
-111.11910775332001,31.82826227228,5
-111.11910775332001,31.82830227228,5
-111.11906775332001,31.828222272279998,5
-111.11906775332001,31.82826227228,5
-111.11906775332001,31.82830227228,5
-111.11914232306,31.82821375134,5
-111.11914232306,31.828253751340004,5
-111.11914232306,31.828293751340002,5
-111.11910232306,31.82821375134,5
-111.11910232306,31.828253751340004,5
-111.11910232306,31.828293751340002,5
-111.11906232306,31.82821375134,5
-111.11906232306,31.828253751340004,5
-111.11906232306,31.828293751340002,5
-111.11913529832,31.828202704110005,5
-111.11913529832,31.828242704110007,5
-111.11913529832,31.828282704110006,5
-111.11909529832,31.828202704110005,5
-111.11909529832,31.828242704110007,5
-111.11909529832,31.828282704110006,5
-111.11905529832,31.828202704110005,5
-111.11905529832,31.828242704110007,5
-111.11905529832,31.828282704110006,5
-111.11913061626001,31.828194395310007,5
-111.11913061626001,31.82823439531001,5
-111.11913061626001,31.828274395310007,5
-111.11909061626001,31.828194395310007,5
-111.11909061626001,31.82823439531001,5
-111.11909061626001,31.828274395310007,5
-111.11905061626001,31.828194395310007,5
-111.11905061626001,31.82823439531001,5
-111.11905061626001,31.828274395310007,5
-111.11912594444,31.828186122649992,5
-111.11912594444,31.828226122649994,5
-111.11912594444,31.828266122649993,5
-111.11908594444,31.828186122649992,5
-111.11908594444,31.828226122649994,5
-111.11908594444,31.828266122649993,5
-111.11904594444,31.828186122649992,5
-111.11904594444,31.828226122649994,5
-111.11904594444,31.828266122649993,5
-111.11911946721,31.828175286289998,5
-111.11911946721,31.82821528629,5
-111.11911946721,31.82825528629,5
-111.11907946721,31.828175286289998,5
-111.11907946721,31.82821528629,5
-111.11907946721,31.82825528629,5
-111.11903946721,31.828175286289998,5
-111.11903946721,31.82821528629,5
-111.11903946721,31.82825528629,5
-111.11911528083,31.828167070790002,5
-111.11911528083,31.828207070790004,5
-111.11911528083,31.828247070790002,5
-111.11907528083,31.828167070790002,5
-111.11907528083,31.828207070790004,5
-111.11907528083,31.828247070790002,5
-111.11903528083,31.828167070790002,5
-111.11903528083,31.828207070790004,5
-111.11903528083,31.828247070790002,5
-111.11911112491,31.828158999790002,5
-111.11911112491,31.828198999790004,5
-111.11911112491,31.828238999790003,5
-111.11907112491001,31.828158999790002,5
-111.11907112491001,31.828198999790004,5
-111.11907112491001,31.828238999790003,5
-111.11903112491001,31.828158999790002,5
-111.11903112491001,31.828198999790004,5
-111.11903112491001,31.828238999790003,5
-111.11910592682,31.828148054219998,5
-111.11910592682,31.82818805422,5
-111.11910592682,31.82822805422,5
-111.11906592682,31.828148054219998,5
-111.11906592682,31.82818805422,5
-111.11906592682,31.82822805422,5
-111.11902592682,31.828148054219998,5
-111.11902592682,31.82818805422,5
-111.11902592682,31.82822805422,5
-111.11910219397001,31.828139922739997,5
-111.11910219397001,31.82817992274,5
-111.11910219397001,31.828219922739997,5
-111.11906219397001,31.828139922739997,5
-111.11906219397001,31.82817992274,5
-111.11906219397001,31.828219922739997,5
-111.11902219397001,31.828139922739997,5
-111.11902219397001,31.82817992274,5
-111.11902219397001,31.828219922739997,5
-111.11909652568,31.828127152389996,5
-111.11909652568,31.828167152389998,5
-111.11909652568,31.828207152389997,5
-111.11905652568001,31.828127152389996,5
-111.11905652568001,31.828167152389998,5
-111.11905652568001,31.828207152389997,5
-111.11901652568001,31.828127152389996,5
-111.11901652568001,31.828167152389998,5
-111.11901652568001,31.828207152389997,5
-111.11909222166,31.82811542778,5
-111.11909222166,31.82815542778,5
-111.11909222166,31.82819542778,5
-111.11905222166,31.82811542778,5
-111.11905222166,31.82815542778,5
-111.11905222166,31.82819542778,5
-111.11901222166,31.82811542778,5
-111.11901222166,31.82815542778,5
-111.11901222166,31.82819542778,5
-111.11908896050001,31.82810649658,5
-111.11908896050001,31.82814649658,5
-111.11908896050001,31.82818649658,5
-111.11904896050001,31.82810649658,5
-111.11904896050001,31.82814649658,5
-111.11904896050001,31.82818649658,5
-111.11900896050001,31.82810649658,5
-111.11900896050001,31.82814649658,5
-111.11900896050001,31.82818649658,5
-111.11908553251,31.828098538380004,5
-111.11908553251,31.828138538380006,5
-111.11908553251,31.828178538380005,5
-111.11904553251,31.828098538380004,5
-111.11904553251,31.828138538380006,5
-111.11904553251,31.828178538380005,5
-111.11900553251,31.828098538380004,5
-111.11900553251,31.828138538380006,5
-111.11900553251,31.828178538380005,5
-111.11908238381,31.82809004078999,5
-111.11908238381,31.828130040789993,5
-111.11908238381,31.828170040789992,5
-111.11904238381,31.82809004078999,5
-111.11904238381,31.828130040789993,5
-111.11904238381,31.828170040789992,5
-111.11900238381,31.82809004078999,5
-111.11900238381,31.828130040789993,5
-111.11900238381,31.828170040789992,5
